Date,IRX,SP500,VIX
2017-03-17,0.708,2378.25,11.28
2017-03-20,0.71,2373.47,11.34
2017-03-21,0.753,2344.02,12.47
2017-03-22,0.748,2348.45,12.81
2017-03-23,0.748,2345.96,13.12
2017-03-24,0.748,2343.98,12.96
2017-03-27,0.758,2341.5901,12.5
2017-03-28,0.773,2358.5701,11.53
2017-03-29,0.755,2361.1299,11.42
2017-03-30,0.758,2368.0601,11.54
2017-03-31,0.738,2362.72,12.37
2017-04-03,0.74,2358.8401,12.38
2017-04-04,0.78,2360.1599,11.79
2017-04-05,0.78,2352.95,12.89
2017-04-06,0.788,2357.49,12.39
2017-04-07,0.798,2355.54,12.87
2017-04-10,0.788,2357.1599,14.05
2017-04-11,0.8,2353.78,15.07
2017-04-12,0.793,2344.9299,15.77
2017-04-13,0.79,2328.95,15.96
2017-04-17,0.79,2349.01,14.66
2017-04-18,0.805,2342.1899,14.42
2017-04-19,0.785,2338.1699,14.93
2017-04-20,0.77,2355.8401,14.15
2017-04-21,0.763,2348.6899,14.63
2017-04-24,0.77,2374.1499,10.84
2017-04-25,0.808,2388.6101,10.76
2017-04-26,0.803,2387.45,10.85
2017-04-27,0.785,2388.77,10.36
2017-04-28,0.78,2384.2,10.82
2017-05-01,0.785,2388.3301,10.11
2017-05-02,0.843,2391.1699,10.59
2017-05-03,0.848,2388.1299,10.68
2017-05-04,0.855,2389.52,10.46
2017-05-05,0.868,2399.29,10.57
2017-05-08,0.87,2399.3799,9.77
2017-05-09,0.89,2396.9199,9.96
2017-05-10,0.875,2399.6299,10.21
2017-05-11,0.86,2394.4399,10.6
2017-05-12,0.855,2390.8999,10.4
2017-05-15,0.863,2402.3201,10.42
2017-05-16,0.89,2400.6699,10.65
2017-05-17,0.875,2357.03,15.59
2017-05-18,0.893,2365.72,14.66
2017-05-19,0.888,2381.73,12.04
2017-05-22,0.878,2394.02,10.93
2017-05-23,0.913,2398.4199,10.72
2017-05-24,0.905,2404.3899,10.02
2017-05-25,0.908,2415.0701,9.99
2017-05-26,0.91,2415.8201,9.81
2017-05-30,0.91,2412.9099,10.38
2017-05-31,0.95,2411.8,10.41
2017-06-01,0.948,2430.0601,9.89
2017-06-02,0.953,2439.0701,9.75
2017-06-05,0.948,2436.1001,10.07
2017-06-06,0.958,2429.3301,10.45
2017-06-07,0.973,2433.1399,10.39
2017-06-08,0.973,2433.79,10.16
2017-06-09,0.98,2431.77,10.7
2017-06-12,0.973,2429.3899,11.46
2017-06-13,0.983,2440.3501,10.42
2017-06-14,0.983,2437.9199,10.64
2017-06-15,0.993,2432.46,10.9
2017-06-16,0.985,2433.1499,10.38
2017-06-19,0.985,2453.46,10.37
2017-06-20,0.993,2437.03,10.86
2017-06-21,0.968,2435.6101,10.75
2017-06-22,0.933,2434.5,10.48
2017-06-23,0.933,2438.3,10.02
2017-06-26,0.933,2439.0701,9.9
2017-06-27,0.99,2419.3799,11.06
2017-06-28,0.985,2440.6899,10.03
2017-06-29,1.003,2419.7,11.44
2017-06-30,0.993,2423.4099,11.18
2017-07-03,1,2429.01,11.22
2017-07-05,1.02,2432.54,11.07
2017-07-06,1.008,2409.75,12.54
2017-07-07,1.008,2425.1799,11.19
2017-07-10,1.013,2427.4299,11.11
2017-07-11,1.033,2425.53,10.89
2017-07-12,1.023,2443.25,10.3
2017-07-13,1.013,2447.8301,9.9
2017-07-14,1.008,2459.27,9.51
2017-07-17,1.02,2459.1399,9.82
2017-07-18,1.04,2460.6101,9.89
2017-07-19,1.085,2473.8301,9.79
2017-07-20,1.113,2473.45,9.58
2017-07-21,1.138,2472.54,9.36
2017-07-24,1.15,2469.9099,9.43
2017-07-25,1.143,2477.1299,9.43
2017-07-26,1.095,2477.8301,9.6
2017-07-27,1.078,2475.4199,10.11
2017-07-28,1.053,2472.1001,10.29
2017-07-31,1.053,2470.3,10.26
2017-08-01,1.058,2476.3501,10.09
2017-08-02,1.05,2477.5701,10.28
2017-08-03,1.058,2472.1599,10.44
2017-08-04,1.053,2476.8301,10.03
2017-08-07,1.033,2480.9099,9.93
2017-08-08,1.03,2474.9199,10.96
2017-08-09,1.025,2474.02,11.11
2017-08-10,1.018,2438.21,16.04
2017-08-11,1.013,2441.3201,15.51
2017-08-14,1.003,2465.8401,12.33
2017-08-15,1.008,2464.6101,12.04
2017-08-16,0.985,2468.1101,11.74
2017-08-17,0.978,2430.01,15.55
2017-08-18,0.988,2425.55,14.26
2017-08-21,0.965,2428.3701,13.19
2017-08-22,0.995,2452.51,11.35
2017-08-23,0.98,2444.04,12.25
2017-08-24,0.998,2438.97,12.23
2017-08-25,0.995,2443.05,11.28
2017-08-28,1.005,2444.24,11.32
2017-08-29,1.01,2446.3,11.7
2017-08-30,0.998,2457.5901,11.22
2017-08-31,0.978,2471.6499,10.59
2017-09-01,0.985,2476.55,10.13
2017-09-05,0.983,2457.8501,12.23
2017-09-06,1.038,2465.54,11.63
2017-09-07,1.023,2465.1001,11.55
2017-09-08,1.02,2461.4299,12.12
2017-09-11,1.02,2488.1101,10.73
2017-09-12,1.018,2496.48,10.58
2017-09-13,1.018,2498.3701,10.5
2017-09-14,1.028,2495.6201,10.44
2017-09-15,1.01,2500.23,10.17
2017-09-18,1,2503.8701,10.15
2017-09-19,1.018,2506.6499,10.18
2017-09-20,1.02,2508.24,9.78
2017-09-21,1.008,2500.6001,9.67
2017-09-22,1.003,2502.22,9.59
2017-09-25,0.998,2496.6599,10.21
2017-09-26,1.043,2496.8401,10.17
2017-09-27,1.038,2507.04,9.87
2017-09-28,1.03,2510.0601,9.55
2017-09-29,1.028,2519.3601,9.51
2017-10-02,1.013,2529.1201,9.45
2017-10-03,1.035,2534.5801,9.51
2017-10-04,1.043,2537.74,9.63
2017-10-05,1.043,2552.0701,9.19
2017-10-06,1.043,2549.3301,9.65
2017-10-09,1.045,2544.73,10.33
2017-10-10,1.055,2550.6399,10.08
2017-10-11,1.068,2555.24,9.85
2017-10-12,1.053,2550.9299,9.91
2017-10-13,1.05,2553.1699,9.61
2017-10-16,1.055,2557.6399,9.91
2017-10-17,1.073,2559.3601,10.31
2017-10-18,1.068,2561.26,10.07
2017-10-19,1.065,2562.1001,10.05
2017-10-20,1.075,2575.21,9.97
2017-10-23,1.07,2564.98,11.07
2017-10-24,1.098,2569.1299,11.16
2017-10-25,1.083,2557.1499,11.23
2017-10-26,1.08,2560.3999,11.3
2017-10-27,1.073,2581.0701,9.8
2017-10-30,1.075,2572.8301,10.5
2017-10-31,1.123,2575.26,10.18
2017-11-01,1.138,2579.3601,10.2
2017-11-02,1.138,2579.8501,9.93
2017-11-03,1.148,2587.8401,9.14
2017-11-06,1.158,2591.1299,9.4
2017-11-07,1.188,2590.6399,9.89
2017-11-08,1.195,2594.3799,9.78
2017-11-09,1.203,2584.6201,10.5
2017-11-10,1.2,2582.3,11.29
2017-11-13,1.185,2584.8401,11.5
2017-11-14,1.24,2578.8701,11.59
2017-11-15,1.23,2564.6201,13.13
2017-11-16,1.23,2585.6399,11.76
2017-11-17,1.24,2578.8501,11.43
2017-11-20,1.24,2582.1399,10.65
2017-11-21,1.278,2599.03,9.73
2017-11-22,1.265,2597.0801,9.88
2017-11-24,1.24,2602.4199,9.67
2017-11-27,1.223,2601.4199,9.87
2017-11-28,1.265,2627.04,10.03
2017-11-29,1.258,2626.0701,10.7
2017-11-30,1.238,2647.5801,11.28
2017-12-01,1.235,2642.22,11.43
2017-12-04,1.245,2639.4399,11.68
2017-12-05,1.283,2629.5701,11.33
2017-12-06,1.263,2629.27,11.02
2017-12-07,1.26,2636.98,10.16
2017-12-08,1.253,2651.5,9.58
2017-12-11,1.263,2659.99,9.34
2017-12-12,1.31,2664.1101,9.92
2017-12-13,1.273,2662.8501,10.18
2017-12-14,1.283,2652.01,10.49
2017-12-15,1.285,2675.8101,9.42
2017-12-18,1.315,2690.1599,9.53
2017-12-19,1.353,2681.47,10.03
2017-12-20,1.35,2679.25,9.72
2017-12-21,1.32,2684.5701,9.62
2017-12-22,1.298,2683.3401,9.9
2017-12-26,1.303,2680.5,10.25
2017-12-27,1.408,2682.6201,10.47
2017-12-28,1.37,2687.54,10.18
2017-12-29,1.355,2673.6101,11.04
2018-01-02,1.378,2695.8101,9.77
2018-01-03,1.37,2713.0601,9.15
2018-01-04,1.37,2723.99,9.22
2018-01-05,1.37,2743.1499,9.22
2018-01-08,1.38,2747.71,9.52
2018-01-09,1.415,2751.29,10.08
2018-01-10,1.395,2748.23,9.82
2018-01-11,1.403,2767.5601,9.88
2018-01-12,1.41,2786.24,10.16
2018-01-16,1.395,2776.4199,11.66
2018-01-17,1.415,2802.5601,11.91
2018-01-18,1.405,2798.03,12.22
2018-01-19,1.403,2810.3,11.27
2018-01-22,1.39,2832.97,11.03
2018-01-23,1.413,2839.1299,11.1
2018-01-24,1.41,2837.54,11.47
2018-01-25,1.393,2839.25,11.58
2018-01-26,1.388,2872.8701,11.08
2018-01-29,1.375,2853.53,13.84
2018-01-30,1.425,2822.4299,14.79
2018-01-31,1.43,2823.8101,13.54
2018-02-01,1.453,2821.98,13.47
2018-02-02,1.45,2762.1299,17.31
2018-02-05,1.458,2648.9399,37.32
2018-02-06,1.488,2695.1399,29.98
2018-02-07,1.515,2681.6599,27.73
2018-02-08,1.515,2581,33.46
2018-02-09,1.525,2619.55,29.06
2018-02-12,1.535,2656,25.61
2018-02-13,1.57,2662.9399,24.97
2018-02-14,1.55,2698.6299,19.26
2018-02-15,1.56,2731.2,19.13
2018-02-16,1.57,2732.22,19.46
2018-02-20,1.573,2716.26,20.6
2018-02-21,1.608,2701.3301,20.02
2018-02-22,1.605,2703.96,18.72
2018-02-23,1.605,2747.3,16.49
2018-02-26,1.608,2779.6001,15.8
2018-02-27,1.635,2744.28,18.59
2018-02-28,1.618,2713.8301,19.85
2018-03-01,1.59,2677.6699,22.47
2018-03-02,1.605,2691.25,19.59
2018-03-05,1.625,2720.9399,18.73
2018-03-06,1.643,2728.1201,18.36
2018-03-07,1.65,2726.8,17.76
2018-03-08,1.635,2738.97,16.54
2018-03-09,1.635,2786.5701,14.64
2018-03-12,1.643,2783.02,15.78
2018-03-13,1.69,2765.3101,16.35
2018-03-14,1.718,2749.48,17.23
2018-03-15,1.733,2747.3301,16.59
2018-03-16,1.738,2752.01,15.8
2018-03-19,1.728,2712.9199,19.02
2018-03-20,1.758,2716.9399,18.2
2018-03-21,1.71,2711.9299,17.86
2018-03-22,1.683,2643.6899,23.34
2018-03-23,1.688,2588.26,24.87
2018-03-26,1.705,2658.55,21.03
2018-03-27,1.733,2612.6201,22.5
2018-03-28,1.695,2605,22.87
2018-03-29,1.67,2640.8701,19.97
2018-04-02,1.683,2581.8799,23.62
2018-04-03,1.713,2614.45,21.1
2018-04-04,1.668,2644.6899,20.06
2018-04-05,1.675,2662.8401,18.94
2018-04-06,1.68,2604.47,21.49
2018-04-09,1.675,2613.1599,21.77
2018-04-10,1.695,2656.8701,20.47
2018-04-11,1.693,2642.1899,20.24
2018-04-12,1.705,2663.99,18.49
2018-04-13,1.718,2656.3,17.41
2018-04-16,1.713,2677.8401,16.56
2018-04-17,1.755,2706.3899,15.25
2018-04-18,1.77,2708.6399,15.6
2018-04-19,1.783,2693.1299,15.96
2018-04-20,1.765,2670.1399,16.88
2018-04-23,1.783,2670.29,16.34
2018-04-24,1.823,2634.5601,18.02
2018-04-25,1.815,2639.3999,17.84
2018-04-26,1.785,2666.9399,16.24
2018-04-27,1.77,2669.9099,15.41
2018-04-30,1.763,2648.05,15.93
2018-05-01,1.81,2654.8,15.49
2018-05-02,1.785,2635.6699,15.97
2018-05-03,1.788,2629.73,15.9
2018-05-04,1.793,2663.4199,14.77
2018-05-07,1.793,2672.6299,14.75
2018-05-08,1.835,2671.9199,14.71
2018-05-09,1.845,2697.79,13.42
2018-05-10,1.845,2723.0701,13.23
2018-05-11,1.86,2727.72,12.65
2018-05-14,1.855,2730.1299,12.93
2018-05-15,1.875,2711.45,14.63
2018-05-16,1.865,2722.46,13.42
2018-05-17,1.863,2720.1299,13.43
2018-05-18,1.855,2712.97,13.42
2018-05-21,1.863,2733.01,13.08
2018-05-22,1.893,2724.4399,13.22
2018-05-23,1.873,2733.29,12.58
2018-05-24,1.86,2727.76,12.53
2018-05-25,1.853,2721.3301,13.22
2018-05-29,1.84,2689.8601,17.02
2018-05-30,1.878,2724.01,14.94
2018-05-31,1.87,2705.27,15.43
2018-06-01,1.868,2734.6201,13.46
2018-06-04,1.865,2746.8701,12.74
2018-06-05,1.903,2748.8,12.4
2018-06-06,1.9,2772.3501,11.64
2018-06-07,1.885,2770.3701,12.13
2018-06-08,1.88,2779.03,12.18
2018-06-11,1.868,2782,12.35
2018-06-12,1.888,2786.8501,12.34
2018-06-13,1.895,2775.6299,12.94
2018-06-14,1.883,2782.49,12.12
2018-06-15,1.888,2779.6599,11.98
2018-06-18,1.883,2773.75,12.31
2018-06-19,1.898,2762.5901,13.35
2018-06-20,1.888,2767.3201,12.79
2018-06-21,1.89,2749.76,14.64
2018-06-22,1.87,2754.8799,13.77
2018-06-25,1.853,2717.0701,17.33
2018-06-26,1.893,2723.0601,15.92
2018-06-27,1.88,2699.6299,17.91
2018-06-28,1.88,2716.3101,16.85
2018-06-29,1.88,2718.3701,16.09
2018-07-02,1.895,2726.71,15.6
2018-07-03,1.933,2713.22,16.14
2018-07-05,1.91,2736.6101,14.97
2018-07-06,1.905,2759.8201,13.37
2018-07-09,1.915,2784.1699,12.69
2018-07-10,1.935,2793.8401,12.64
2018-07-11,1.92,2774.02,13.63
2018-07-12,1.928,2798.29,12.58
2018-07-13,1.928,2801.3101,12.18
2018-07-16,1.938,2798.4299,12.83
2018-07-17,1.975,2809.55,12.06
2018-07-18,1.96,2815.6201,12.1
2018-07-19,1.948,2804.49,12.87
2018-07-20,1.933,2801.8301,12.86
2018-07-23,1.92,2806.98,12.62
2018-07-24,1.96,2820.3999,12.41
2018-07-25,1.953,2846.0701,12.29
2018-07-26,1.945,2837.4399,12.14
2018-07-27,1.945,2818.8201,13.03
2018-07-30,1.945,2802.6001,14.26
2018-07-31,1.985,2816.29,12.83
2018-08-01,1.978,2813.3601,13.15
2018-08-02,1.965,2827.22,12.19
2018-08-03,1.96,2840.3501,11.64
2018-08-06,1.968,2850.3999,11.27
2018-08-07,2.008,2858.45,10.93
2018-08-08,2.008,2857.7,10.85
2018-08-09,2.005,2853.5801,11.27
2018-08-10,2,2833.28,13.16
2018-08-13,1.995,2821.9299,14.78
2018-08-14,2.033,2839.96,13.31
2018-08-15,2.02,2818.3701,14.64
2018-08-16,2.015,2840.6899,13.45
2018-08-17,1.995,2850.1299,12.64
2018-08-20,1.993,2857.05,12.49
2018-08-21,2.035,2862.96,12.86
2018-08-22,2.035,2861.8201,12.25
2018-08-23,2.033,2856.98,12.41
2018-08-24,2.048,2874.6899,11.99
2018-08-27,2.06,2896.74,12.16
2018-08-28,2.078,2897.52,12.5
2018-08-29,2.08,2914.04,12.25
2018-08-30,2.058,2901.1299,13.53
2018-08-31,2.055,2901.52,12.86
2018-09-04,2.068,2896.72,13.16
2018-09-05,2.09,2888.6001,13.91
2018-09-06,2.08,2878.05,14.65
2018-09-07,2.088,2871.6799,14.88
2018-09-10,2.083,2877.1299,14.16
2018-09-11,2.108,2887.8899,13.22
2018-09-12,2.105,2888.9199,13.14
2018-09-13,2.093,2904.1799,12.37
2018-09-14,2.103,2904.98,12.07
2018-09-17,2.108,2888.8,13.68
2018-09-18,2.125,2904.3101,12.79
2018-09-19,2.12,2907.95,11.75
2018-09-20,2.118,2930.75,11.8
2018-09-21,2.123,2929.6699,11.68
2018-09-24,2.123,2919.3701,12.2
2018-09-25,2.168,2915.5601,12.42
2018-09-26,2.16,2905.97,12.89
2018-09-27,2.14,2914,12.41
2018-09-28,2.15,2913.98,12.12
2018-10-01,2.155,2924.5901,12
2018-10-02,2.175,2923.4299,12.05
2018-10-03,2.17,2925.51,11.61
2018-10-04,2.17,2901.6101,14.22
2018-10-05,2.165,2885.5701,14.82
2018-10-08,2.165,2884.4299,15.69
2018-10-09,2.185,2880.3401,15.95
2018-10-10,2.22,2785.6799,22.96
2018-10-11,2.215,2728.3701,24.98
2018-10-12,2.218,2767.1299,21.31
2018-10-15,2.23,2750.79,21.3
2018-10-16,2.26,2809.9199,17.62
2018-10-17,2.26,2809.21,17.4
2018-10-18,2.255,2768.78,20.06
2018-10-19,2.26,2767.78,19.89
2018-10-22,2.258,2755.8799,19.64
2018-10-23,2.29,2740.6899,20.71
2018-10-24,2.285,2656.1001,25.23
2018-10-25,2.28,2705.5701,24.22
2018-10-26,2.273,2658.6899,24.16
2018-10-29,2.26,2641.25,24.7
2018-10-30,2.283,2682.6299,23.35
2018-10-31,2.278,2711.74,21.23
2018-11-01,2.27,2740.3701,19.34
2018-11-02,2.273,2723.0601,19.51
2018-11-05,2.268,2738.3101,19.96
2018-11-06,2.31,2755.45,19.91
2018-11-07,2.31,2813.8899,16.36
2018-11-08,2.303,2806.8301,16.72
2018-11-09,2.3,2781.01,17.36
2018-11-12,2.3,2726.22,20.45
2018-11-13,2.295,2722.1799,20.02
2018-11-14,2.325,2701.5801,21.25
2018-11-15,2.31,2730.2,19.98
2018-11-16,2.3,2736.27,18.14
2018-11-19,2.3,2690.73,20.1
2018-11-20,2.335,2641.8899,22.48
2018-11-21,2.35,2649.9299,20.8
2018-11-23,2.348,2632.5601,21.52
2018-11-26,2.343,2673.45,18.9
2018-11-27,2.353,2682.1699,19.02
2018-11-28,2.335,2743.79,18.49
2018-11-29,2.31,2737.8,18.79
2018-11-30,2.308,2760.1699,18.07
2018-12-03,2.288,2790.3701,16.44
2018-12-04,2.365,2700.0601,20.74
2018-12-06,2.353,2695.95,21.19
2018-12-07,2.34,2633.0801,23.23
2018-12-10,2.33,2637.72,22.64
2018-12-11,2.37,2636.78,21.76
2018-12-12,2.375,2651.0701,21.46
2018-12-13,2.363,2650.54,20.65
2018-12-14,2.368,2599.95,21.63
2018-12-17,2.34,2545.9399,24.52
2018-12-18,2.328,2546.1599,25.58
2018-12-19,2.338,2506.96,25.58
2018-12-20,2.335,2467.4199,28.38
2018-12-21,2.33,2416.6201,30.11
2018-12-24,2.333,2351.1001,36.07
2018-12-26,2.38,2467.7,30.41
2018-12-27,2.348,2488.8301,29.96
2018-12-28,2.328,2485.74,28.34
2018-12-31,2.3,2506.8501,25.42
2019-01-02,2.365,2510.03,23.22
2019-01-03,2.355,2447.8899,25.45
2019-01-04,2.358,2531.9399,21.38
2019-01-07,2.353,2549.6899,21.4
2019-01-08,2.4,2574.4099,20.47
2019-01-09,2.39,2584.96,19.98
2019-01-10,2.375,2596.6399,19.5
2019-01-11,2.37,2596.26,18.19
2019-01-14,2.36,2582.6101,19.07
2019-01-15,2.383,2610.3,18.6
2019-01-16,2.363,2616.1001,19.04
2019-01-17,2.355,2635.96,18.06
2019-01-18,2.348,2670.71,17.8
2019-01-22,2.345,2632.8999,20.8
2019-01-23,2.353,2638.7,19.52
2019-01-24,2.305,2642.3301,18.89
2019-01-25,2.328,2664.76,17.42
2019-01-28,2.333,2643.8501,18.87
2019-01-29,2.365,2640,19.13
2019-01-30,2.365,2681.05,17.66
2019-01-31,2.34,2704.1001,16.57
2019-02-01,2.34,2706.53,16.14
2019-02-04,2.335,2724.8701,15.73
2019-02-05,2.365,2737.7,15.57
2019-02-06,2.365,2731.6101,15.38
2019-02-07,2.355,2706.05,16.37
2019-02-08,2.365,2707.8799,15.72
2019-02-11,2.375,2709.8,15.97
2019-02-12,2.378,2744.73,15.43
2019-02-13,2.373,2753.03,15.65
2019-02-14,2.373,2745.73,16.22
2019-02-15,2.37,2775.6001,14.91
2019-02-19,2.373,2779.76,14.88
2019-02-20,2.383,2784.7,14.02
2019-02-21,2.395,2774.8799,14.46
2019-02-22,2.393,2792.6699,13.51
2019-02-25,2.393,2796.1101,14.85
2019-02-26,2.4,2793.8999,15.17
2019-02-27,2.393,2792.3799,14.7
2019-02-28,2.383,2784.49,14.78
2019-03-01,2.378,2803.6899,13.57
2019-03-04,2.375,2792.8101,14.63
2019-03-05,2.4,2789.6499,14.74
2019-03-06,2.405,2771.45,15.74
2019-03-07,2.395,2748.9299,16.59
2019-03-08,2.393,2743.0701,16.05
2019-03-11,2.38,2783.3,14.33
2019-03-12,2.395,2791.52,13.77
2019-03-13,2.388,2810.9199,13.41
2019-03-14,2.388,2808.48,13.5
2019-03-15,2.388,2822.48,12.88
2019-03-18,2.385,2832.9399,13.1
2019-03-19,2.405,2832.5701,13.56
2019-03-20,2.408,2824.23,13.91
2019-03-21,2.408,2854.8799,13.63
2019-03-22,2.398,2800.71,16.48
2019-03-25,2.39,2798.3601,16.33
2019-03-26,2.405,2818.46,14.68
2019-03-27,2.378,2805.3701,15.15
2019-03-28,2.37,2815.4399,14.43
2019-03-29,2.328,2834.3999,13.71
2019-04-01,2.323,2867.1899,13.4
2019-04-02,2.37,2867.24,13.36
2019-04-03,2.373,2873.3999,13.74
2019-04-04,2.37,2879.3899,13.58
2019-04-05,2.37,2892.74,12.82
2019-04-08,2.365,2895.77,13.18
2019-04-09,2.365,2878.2,14.28
2019-04-10,2.363,2888.21,13.3
2019-04-11,2.365,2888.3201,13.02
2019-04-12,2.375,2907.4099,12.01
2019-04-15,2.36,2905.5801,12.32
2019-04-16,2.378,2907.0601,12.18
2019-04-17,2.38,2900.45,12.6
2019-04-18,2.365,2905.03,12.09
2019-04-22,2.375,2907.97,12.42
2019-04-23,2.39,2933.6799,12.28
2019-04-24,2.375,2927.25,13.14
2019-04-25,2.365,2926.1699,13.25
2019-04-26,2.36,2939.8799,12.73
2019-04-29,2.36,2943.03,13.11
2019-04-30,2.368,2945.8301,13.12
2019-05-01,2.363,2923.73,14.8
2019-05-02,2.373,2917.52,14.42
2019-05-03,2.368,2945.6399,12.87
2019-05-06,2.363,2932.47,15.44
2019-05-07,2.368,2884.05,19.32
2019-05-08,2.37,2879.4199,19.4
2019-05-09,2.37,2870.72,19.1
2019-05-10,2.37,2881.3999,16.04
2019-05-13,2.35,2811.8701,20.55
2019-05-14,2.353,2834.4099,18.06
2019-05-15,2.35,2850.96,16.44
2019-05-16,2.338,2876.3201,15.29
2019-05-17,2.33,2859.53,15.96
2019-05-20,2.32,2840.23,16.31
2019-05-21,2.33,2864.3601,14.95
2019-05-22,2.32,2856.27,14.75
2019-05-23,2.303,2822.24,16.92
2019-05-24,2.288,2826.0601,15.85
2019-05-28,2.298,2802.3899,17.5
2019-05-29,2.298,2783.02,17.9
2019-05-30,2.31,2788.8601,17.3
2019-05-31,2.293,2752.0601,18.71
2019-06-03,2.28,2744.45,18.86
2019-06-04,2.295,2803.27,16.97
2019-06-05,2.285,2826.1499,16.09
2019-06-06,2.255,2843.49,15.93
2019-06-07,2.215,2873.3401,16.3
2019-06-10,2.22,2886.73,15.94
2019-06-11,2.213,2885.72,15.99
2019-06-12,2.165,2879.8401,15.91
2019-06-13,2.14,2891.6399,15.82
2019-06-14,2.125,2886.98,15.28
2019-06-17,2.138,2889.6699,15.35
2019-06-18,2.168,2917.75,15.15
2019-06-19,2.125,2926.46,14.33
2019-06-20,2.078,2954.1799,14.75
2019-06-21,2.055,2950.46,15.4
2019-06-24,2.058,2945.3501,15.26
2019-06-25,2.083,2917.3799,16.28
2019-06-26,2.093,2913.78,16.21
2019-06-27,2.085,2924.9199,15.82
2019-06-28,2.035,2941.76,15.08
2019-07-01,2.065,2964.3301,14.06
2019-07-02,2.148,2973.01,12.93
2019-07-03,2.15,2995.8201,12.57
2019-07-05,2.163,2990.4099,13.28
2019-07-08,2.178,2975.95,13.96
2019-07-09,2.195,2979.6299,14.09
2019-07-10,2.13,2993.0701,13.03
2019-07-11,2.098,2999.9099,12.93
2019-07-12,2.09,3013.77,12.39
2019-07-15,2.085,3014.3,12.68
2019-07-16,2.103,3004.04,12.86
2019-07-17,2.073,2984.4199,13.97
2019-07-18,2.013,2995.1101,13.53
2019-07-19,2.013,2976.6101,14.45
2019-07-22,2.025,2985.03,13.53
2019-07-23,2.033,3005.47,12.61
2019-07-24,2.04,3019.5601,12.07
2019-07-25,2.06,3003.6699,12.74
2019-07-26,2.063,3025.8601,12.16
2019-07-29,2.05,3020.97,12.83
2019-07-30,2.04,3013.1799,13.94
2019-07-31,2.03,2980.3799,16.12
2019-08-01,2.03,2953.5601,17.87
2019-08-02,2,2932.05,17.61
2019-08-05,1.953,2844.74,24.59
2019-08-06,1.995,2881.77,20.17
2019-08-07,1.968,2883.98,19.49
2019-08-08,1.97,2938.0901,16.91
2019-08-09,1.95,2918.6499,17.97
2019-08-12,1.928,2882.7,21.09
2019-08-13,1.955,2926.3201,17.52
2019-08-14,1.908,2840.6001,22.1
2019-08-15,1.843,2847.6001,21.18
2019-08-16,1.823,2888.6799,18.47
2019-08-19,1.853,2923.6499,16.88
2019-08-20,1.9,2900.51,17.5
2019-08-21,1.928,2924.4299,15.8
2019-08-22,1.938,2922.95,16.68
2019-08-23,1.91,2847.1101,19.87
2019-08-26,1.933,2878.3799,19.32
2019-08-27,1.943,2869.1599,20.31
2019-08-28,1.94,2887.9399,19.35
2019-08-29,1.94,2924.5801,17.88
2019-08-30,1.933,2926.46,18.98
2019-09-03,1.91,2906.27,19.66
2019-09-04,1.905,2937.78,17.33
2019-09-05,1.92,2976,16.27
2019-09-06,1.91,2978.71,15
2019-09-09,1.908,2978.4299,15.27
2019-09-10,1.913,2979.3899,15.2
2019-09-11,1.913,3000.9299,14.61
2019-09-12,1.895,3009.5701,14.22
2019-09-13,1.9,3007.3899,13.74
2019-09-16,1.945,2997.96,14.67
2019-09-17,1.938,3005.7,14.44
2019-09-18,1.88,3006.73,13.95
2019-09-19,1.883,3006.79,14.05
2019-09-20,1.85,2992.0701,15.32
2019-09-23,1.845,2991.78,14.91
2019-09-24,1.88,2966.6001,17.05
2019-09-25,1.845,2984.8701,15.96
2019-09-26,1.77,2977.6201,16.07
2019-09-27,1.73,2961.79,17.22
2019-09-30,1.77,2976.74,16.24
2019-10-01,1.753,2940.25,18.56
2019-10-02,1.735,2887.6101,20.56
2019-10-03,1.665,2910.6299,19.12
2019-10-04,1.655,2952.01,17.04
2019-10-07,1.673,2938.79,17.86
2019-10-08,1.655,2893.0601,20.28
2019-10-09,1.628,2919.3999,18.64
2019-10-10,1.633,2938.1299,17.57
2019-10-11,1.623,2970.27,15.58
2019-10-14,1.618,2966.1499,14.57
2019-10-15,1.618,2995.6799,13.54
2019-10-16,1.615,2989.6899,13.68
2019-10-17,1.625,2997.95,13.79
2019-10-18,1.625,2986.2,14.25
2019-10-21,1.625,3006.72,14
2019-10-22,1.615,2995.99,14.46
2019-10-23,1.615,3004.52,14.01
2019-10-24,1.623,3010.29,13.71
2019-10-25,1.625,3022.55,12.65
2019-10-28,1.605,3039.4199,13.11
2019-10-29,1.595,3036.8899,13.2
2019-10-30,1.595,3046.77,12.33
2019-10-31,1.498,3037.5601,13.22
2019-11-01,1.485,3066.9099,12.3
2019-11-04,1.503,3078.27,12.83
2019-11-05,1.518,3074.6201,13.1
2019-11-06,1.515,3076.78,12.62
2019-11-07,1.518,3085.1799,12.73
2019-11-08,1.51,3093.0801,12.07
2019-11-11,1.513,3087.01,12.69
2019-11-12,1.533,3091.8401,12.68
2019-11-13,1.535,3094.04,13
2019-11-14,1.528,3096.6299,13.05
2019-11-15,1.528,3120.46,12.05
2019-11-18,1.523,3122.03,12.46
2019-11-19,1.525,3120.1799,12.86
2019-11-20,1.52,3108.46,12.78
2019-11-21,1.53,3103.54,13.13
2019-11-22,1.543,3110.29,12.34
2019-11-25,1.545,3133.6399,11.87
2019-11-26,1.565,3140.52,11.54
2019-11-27,1.565,3153.6299,11.75
2019-11-29,1.54,3140.98,12.62
2019-12-02,1.538,3113.8701,14.91
2019-12-03,1.538,3093.2,15.96
2019-12-04,1.498,3112.76,14.8
2019-12-05,1.493,3117.4299,14.52
2019-12-06,1.48,3145.9099,13.62
2019-12-09,1.498,3135.96,15.86
2019-12-10,1.515,3132.52,15.68
2019-12-11,1.52,3141.6299,14.99
2019-12-12,1.53,3168.5701,13.94
2019-12-13,1.523,3168.8,12.63
2019-12-16,1.525,3191.45,12.14
2019-12-17,1.53,3192.52,12.29
2019-12-18,1.518,3191.1399,12.58
2019-12-19,1.533,3205.3701,12.5
2019-12-20,1.528,3221.22,12.51
2019-12-23,1.52,3224.01,12.61
2019-12-24,1.538,3223.3799,12.67
2019-12-26,1.535,3239.9099,12.65
2019-12-27,1.518,3240.02,13.43
2019-12-30,1.49,3221.29,14.82
2019-12-31,1.505,3230.78,13.78
2020-01-02,1.495,3257.8501,12.47
2020-01-03,1.473,3234.8501,14.02
2020-01-06,1.488,3246.28,13.85
2020-01-07,1.5,3237.1799,13.79
2020-01-08,1.493,3253.05,13.45
2020-01-09,1.5,3274.7,12.54
2020-01-10,1.498,3265.3501,12.56
2020-01-13,1.51,3288.1299,12.32
2020-01-14,1.53,3283.1499,12.39
2020-01-15,1.508,3289.29,12.42
2020-01-16,1.518,3316.8101,12.32
2020-01-17,1.523,3329.6201,12.1
2020-01-21,1.503,3320.79,12.85
2020-01-22,1.513,3321.75,12.91
2020-01-23,1.515,3325.54,12.98
2020-01-24,1.49,3295.47,14.56
2020-01-27,1.505,3243.6299,18.23
2020-01-28,1.53,3276.24,16.28
2020-01-29,1.52,3273.3999,16.39
2020-01-30,1.528,3283.6599,15.49
2020-01-31,1.51,3225.52,18.84
2020-02-03,1.518,3248.9199,17.97
2020-02-04,1.538,3297.5901,16.05
2020-02-05,1.52,3334.6899,15.15
2020-02-06,1.53,3345.78,14.96
2020-02-07,1.518,3327.71,15.47
2020-02-10,1.52,3352.0901,15.04
2020-02-11,1.538,3357.75,15.18
2020-02-12,1.535,3379.45,13.74
2020-02-13,1.545,3373.9399,14.15
2020-02-14,1.535,3380.1599,13.68
2020-02-18,1.535,3370.29,14.83
2020-02-19,1.543,3386.1499,14.38
2020-02-20,1.538,3373.23,15.56
2020-02-21,1.518,3337.75,17.08
2020-02-24,1.503,3225.8899,25.03
2020-02-25,1.49,3128.21,27.85
2020-02-26,1.478,3116.3899,27.56
2020-02-27,1.395,2978.76,39.16
2020-02-28,1.23,2954.22,40.11
2020-03-02,1.135,3090.23,33.42
2020-03-03,0.918,3003.3701,36.82
2020-03-04,0.675,3130.1201,31.99
2020-03-05,0.595,3023.9399,39.62
2020-03-06,0.415,2972.3701,41.94
2020-03-09,0.33,2746.5601,54.46
2020-03-10,0.39,2882.23,47.3
2020-03-11,0.368,2741.3799,53.9
2020-03-12,0.273,2480.6399,75.47
2020-03-13,0.243,2711.02,57.83
2020-03-16,0.185,2386.1299,82.69
2020-03-17,0.165,2529.1899,75.91
2020-03-18,0.003,2398.1001,76.45
2020-03-19,-0.028,2409.3899,72
2020-03-20,-0.033,2304.9199,66.04
2020-03-23,-0.04,2237.3999,61.59
2020-03-24,-0.033,2447.3301,61.67
2020-03-25,-0.07,2475.5601,63.95
2020-03-26,-0.105,2630.0701,61
2020-03-27,-0.058,2541.47,65.54
2020-03-30,0.013,2626.6499,57.08
2020-03-31,0.03,2584.5901,53.54
2020-04-01,0.063,2470.5,57.06
2020-04-02,0.065,2526.8999,50.91
2020-04-03,0.058,2488.6499,46.8
2020-04-06,0.06,2663.6799,45.24
2020-04-07,0.128,2659.4099,46.7
2020-04-08,0.185,2749.98,43.35
2020-04-09,0.21,2789.8201,41.67
2020-04-13,0.2,2761.6299,41.17
2020-04-14,0.165,2846.0601,37.76
2020-04-15,0.115,2783.3601,40.84
2020-04-16,0.11,2799.55,40.11
2020-04-17,0.103,2874.5601,38.15
2020-04-20,0.07,2823.1599,43.83
2020-04-21,0.098,2736.5601,45.41
2020-04-22,0.093,2799.3101,41.98
2020-04-23,0.093,2797.8,41.38
2020-04-24,0.1,2836.74,35.93
2020-04-27,0.093,2878.48,33.29
2020-04-28,0.085,2863.3899,33.57
2020-04-29,0.09,2939.51,31.23
2020-04-30,0.09,2912.4299,34.15
2020-05-01,0.093,2830.71,37.19
2020-05-04,0.09,2842.74,35.97
2020-05-05,0.11,2868.4399,33.61
2020-05-06,0.108,2848.4199,34.12
2020-05-07,0.095,2881.1899,31.44
2020-05-08,0.095,2929.8,27.98
2020-05-11,0.105,2930.1899,27.57
2020-05-12,0.123,2870.1201,33.04
2020-05-13,0.115,2820,35.28
2020-05-14,0.105,2852.5,32.61
2020-05-15,0.103,2863.7,31.89
2020-05-18,0.105,2953.9099,29.3
2020-05-19,0.118,2922.9399,30.53
2020-05-20,0.118,2971.6101,27.99
2020-05-21,0.11,2948.51,29.53
2020-05-22,0.11,2955.45,28.16
2020-05-26,0.118,2991.77,28.01
2020-05-27,0.135,3036.1299,27.62
2020-05-28,0.138,3029.73,28.59
2020-05-29,0.128,3044.3101,27.51
2020-06-01,0.128,3055.73,28.23
2020-06-02,0.145,3080.8201,26.84
2020-06-03,0.148,3122.8701,25.66
2020-06-04,0.14,3112.3501,25.81
2020-06-05,0.145,3193.9299,24.52
2020-06-08,0.153,3232.3899,25.81
2020-06-09,0.165,3207.1799,27.57
2020-06-10,0.165,3190.1399,27.57
2020-06-11,0.153,3002.1001,40.79
2020-06-12,0.15,3041.3101,36.09
2020-06-15,0.155,3066.5901,34.4
2020-06-16,0.16,3124.74,33.67
2020-06-17,0.165,3113.49,33.47
2020-06-18,0.14,3115.3401,32.94
2020-06-19,0.143,3097.74,35.12
2020-06-22,0.14,3117.8601,31.77
2020-06-23,0.14,3131.29,31.37
2020-06-24,0.135,3050.3301,33.84
2020-06-25,0.13,3083.76,32.22
2020-06-26,0.133,3009.05,34.73
2020-06-29,0.125,3053.24,31.78
2020-06-30,0.135,3100.29,30.43
2020-07-01,0.13,3115.8601,28.62
2020-07-02,0.133,3130.01,27.68
2020-07-06,0.128,3179.72,27.94
2020-07-07,0.14,3145.3201,29.43
2020-07-08,0.135,3169.9399,28.08
2020-07-09,0.123,3152.05,29.26
2020-07-10,0.12,3185.04,27.29
2020-07-13,0.125,3155.22,32.19
2020-07-14,0.133,3197.52,29.52
2020-07-15,0.125,3226.5601,27.76
2020-07-16,0.103,3215.5701,28
2020-07-17,0.105,3224.73,25.68
2020-07-20,0.105,3251.8401,24.46
2020-07-21,0.11,3257.3,24.84
2020-07-22,0.1,3276.02,24.32
2020-07-23,0.103,3235.6599,26.08
2020-07-24,0.098,3215.6299,25.84
2020-07-27,0.093,3239.4099,24.74
2020-07-28,0.103,3218.4399,25.44
2020-07-29,0.09,3258.4399,24.1
2020-07-30,0.085,3246.22,24.76
2020-07-31,0.083,3271.1201,24.46
2020-08-03,0.078,3294.6101,24.28
2020-08-04,0.09,3306.51,23.76
2020-08-05,0.095,3327.77,22.99
2020-08-06,0.088,3349.1599,22.65
2020-08-07,0.088,3351.28,22.21
2020-08-10,0.088,3360.47,22.13
2020-08-11,0.1,3333.6899,24.03
2020-08-12,0.1,3380.3501,22.28
2020-08-13,0.09,3373.4299,22.13
2020-08-14,0.088,3372.8501,22.05
2020-08-17,0.085,3381.99,21.35
2020-08-18,0.1,3389.78,21.51
2020-08-19,0.095,3374.8501,22.54
2020-08-20,0.088,3385.51,22.72
2020-08-21,0.088,3397.1599,22.54
2020-08-24,0.085,3431.28,22.37
2020-08-25,0.095,3443.6201,22.03
2020-08-26,0.093,3478.73,23.27
2020-08-27,0.095,3484.55,24.47
2020-08-28,0.095,3508.01,22.96
2020-08-31,0.095,3500.3101,26.41
2020-09-01,0.1,3526.6499,26.12
2020-09-02,0.1,3580.8401,26.57
2020-09-03,0.1,3455.0601,33.6
2020-09-04,0.103,3426.96,30.75
2020-09-08,0.108,3331.8401,31.46
2020-09-09,0.105,3398.96,28.81
2020-09-10,0.103,3339.1899,29.71
2020-09-11,0.103,3340.97,26.87
2020-09-14,0.1,3383.54,25.85
2020-09-15,0.1,3401.2,25.59
2020-09-16,0.1,3385.49,26.04
2020-09-17,0.085,3357.01,26.46
2020-09-18,0.083,3319.47,25.83
2020-09-21,0.08,3281.0601,27.78
2020-09-22,0.088,3315.5701,26.86
2020-09-23,0.088,3236.9199,28.58
2020-09-24,0.093,3246.5901,28.51
2020-09-25,0.09,3298.46,26.38
2020-09-28,0.088,3351.6001,26.19
2020-09-29,0.085,3335.47,26.27
2020-09-30,0.085,3363,26.37
2020-10-01,0.083,3380.8,26.7
2020-10-02,0.085,3348.4199,27.63
2020-10-05,0.085,3408.6001,27.96
2020-10-06,0.088,3360.97,29.48
2020-10-07,0.088,3419.4399,28.06
2020-10-08,0.088,3446.8301,26.36
2020-10-09,0.093,3477.1399,25
2020-10-12,0.09,3534.22,25.07
2020-10-13,0.093,3511.9299,26.07
2020-10-14,0.1,3488.6699,26.4
2020-10-15,0.095,3483.3401,26.97
2020-10-16,0.09,3483.8101,27.41
2020-10-19,0.09,3426.9199,29.18
2020-10-20,0.095,3443.1201,29.35
2020-10-21,0.09,3435.5601,28.65
2020-10-22,0.085,3453.49,28.11
2020-10-23,0.083,3465.3899,27.55
2020-10-26,0.08,3400.97,32.46
2020-10-27,0.09,3390.6799,33.35
2020-10-28,0.09,3271.03,40.28
2020-10-29,0.083,3310.1101,37.59
2020-10-30,0.083,3269.96,38.02
2020-11-02,0.083,3310.24,37.13
2020-11-03,0.09,3369.1599,35.55
2020-11-04,0.083,3443.4399,29.57
2020-11-05,0.085,3510.45,27.58
2020-11-06,0.083,3509.4399,24.86
2020-11-09,0.088,3550.5,25.75
2020-11-10,0.09,3545.53,24.8
2020-11-11,0.09,3572.6599,23.45
2020-11-12,0.085,3537.01,25.35
2020-11-13,0.083,3585.1499,23.1
2020-11-16,0.075,3626.9099,22.45
2020-11-17,0.08,3609.53,22.71
2020-11-18,0.075,3567.79,23.84
2020-11-19,0.06,3581.8701,23.11
2020-11-20,0.058,3557.54,23.7
2020-11-23,0.07,3577.5901,22.66
2020-11-24,0.08,3635.4099,21.64
2020-11-25,0.08,3629.6499,21.25
2020-11-27,0.073,3638.3501,20.84
2020-11-30,0.075,3621.6299,20.57
2020-12-01,0.08,3662.45,20.77
2020-12-02,0.075,3669.01,21.17
2020-12-03,0.075,3666.72,21.28
2020-12-04,0.075,3699.1201,20.79
2020-12-07,0.07,3691.96,21.3
2020-12-08,0.068,3702.25,20.68
2020-12-09,0.07,3672.8201,22.27
2020-12-10,0.07,3668.1001,22.52
2020-12-11,0.065,3663.46,23.31
2020-12-14,0.06,3647.49,24.72
2020-12-15,0.07,3694.6201,22.89
2020-12-16,0.075,3701.1699,22.5
2020-12-17,0.08,3722.48,21.93
2020-12-18,0.08,3709.4099,21.57
2020-12-21,0.078,3694.9199,25.16
2020-12-22,0.078,3687.26,24.23
2020-12-23,0.075,3690.01,23.31
2020-12-24,0.075,3703.0601,21.53
2020-12-28,0.08,3735.3601,21.7
2020-12-29,0.09,3727.04,23.08
2020-12-30,0.07,3732.04,22.77
2020-12-31,0.065,3756.0701,22.75
2021-01-04,0.068,3700.6499,26.97
2021-01-05,0.078,3726.8601,25.34
2021-01-06,0.078,3748.1399,25.07
2021-01-07,0.08,3803.79,22.37
2021-01-08,0.08,3824.6799,21.56
2021-01-11,0.08,3799.6101,24.08
2021-01-12,0.08,3801.1899,23.33
2021-01-13,0.08,3809.8401,22.21
2021-01-14,0.075,3795.54,23.25
2021-01-15,0.075,3768.25,24.34
2021-01-19,0.073,3798.9099,23.24
2021-01-20,0.075,3851.8501,21.58
2021-01-21,0.073,3853.0701,21.32
2021-01-22,0.07,3841.47,21.91
2021-01-25,0.07,3855.3601,23.19
2021-01-26,0.068,3849.6201,23.02
2021-01-27,0.06,3750.77,37.21
2021-01-28,0.055,3787.3799,30.21
2021-01-29,0.048,3714.24,33.09
2021-02-01,0.048,3773.8601,30.24
2021-02-02,0.05,3826.3101,25.56
2021-02-03,0.04,3830.1699,22.91
2021-02-04,0.03,3871.74,21.77
2021-02-05,0.023,3886.8301,20.87
2021-02-08,0.02,3915.5901,21.24
2021-02-09,0.033,3911.23,21.63
2021-02-10,0.035,3909.8799,21.99
2021-02-11,0.035,3916.3799,21.25
2021-02-12,0.035,3934.8301,19.97
2021-02-16,0.035,3932.5901,21.46
2021-02-17,0.035,3931.3301,21.5
2021-02-18,0.023,3913.97,22.49
2021-02-19,0.023,3906.71,22.05
2021-02-22,0.025,3876.5,23.45
2021-02-23,0.023,3881.3701,23.11
2021-02-24,0.028,3925.4299,21.34
2021-02-25,0.033,3829.3401,28.89
2021-02-26,0.035,3811.1499,27.95
2021-03-01,0.028,3901.8201,23.35
2021-03-02,0.035,3870.29,24.1
2021-03-03,0.035,3819.72,26.67
2021-03-04,0.028,3768.47,28.57
2021-03-05,0.028,3841.9399,24.66
2021-03-08,0.035,3821.3501,25.47
2021-03-09,0.035,3875.4399,24.03
2021-03-10,0.03,3898.8101,22.56
2021-03-11,0.028,3939.3401,21.91
2021-03-12,0.025,3943.3401,20.69
2021-03-15,0.015,3968.9399,20.03
2021-03-16,0.008,3962.71,19.79
2021-03-17,0.008,3974.1201,19.23
2021-03-18,0.003,3915.46,21.58
2021-03-19,0.005,3913.1001,20.95
2021-03-22,0.005,3940.5901,18.88
2021-03-23,0.01,3910.52,20.3
2021-03-24,0.015,3889.1399,21.2
2021-03-25,0.015,3909.52,19.81
2021-03-26,0.015,3974.54,18.86
2021-03-29,0.008,3971.0901,20.74
2021-03-30,0.013,3958.55,19.61
2021-03-31,0.013,3972.8899,19.4
2021-04-01,0.008,4019.8701,17.33
2021-04-05,0.015,4077.9099,17.91
2021-04-06,0.015,4073.9399,18.12
2021-04-07,0.01,4079.95,17.16
2021-04-08,0.005,4097.1699,16.95
2021-04-09,0.003,4128.7998,16.69
2021-04-12,0.01,4127.9902,16.91
2021-04-13,0.015,4141.5898,16.65
2021-04-14,0.015,4124.6602,16.99
2021-04-15,0.01,4170.4199,16.57
2021-04-16,0.008,4185.4702,16.25
2021-04-19,0.015,4163.2598,17.29
2021-04-20,0.015,4134.9399,18.68
2021-04-21,0.013,4173.4199,17.5
2021-04-22,0.015,4134.98,18.71
2021-04-23,0.015,4180.1699,17.33
2021-04-26,0.008,4187.6201,17.64
2021-04-27,0.01,4186.7202,17.56
2021-04-28,0.008,4183.1802,17.28
2021-04-29,0.008,4211.4702,17.61
2021-04-30,0.003,4181.1699,18.61
2021-05-03,0.005,4192.6602,18.31
2021-05-04,0.01,4164.6602,19.48
2021-05-05,0.008,4167.5898,19.15
2021-05-06,0.008,4201.6201,18.39
2021-05-07,0.008,4232.6001,16.69
2021-05-10,0.005,4188.4302,19.66
2021-05-11,0.01,4152.1001,21.84
2021-05-12,0.01,4063.04,27.59
2021-05-13,0.008,4112.5,23.13
2021-05-14,0.005,4173.8501,18.81
2021-05-17,0.005,4163.29,19.72
2021-05-18,0.01,4127.8301,21.34
2021-05-19,0.005,4115.6802,22.18
2021-05-20,0.003,4159.1201,20.67
2021-05-21,0.003,4155.8599,20.15
2021-05-24,0.003,4197.0498,18.4
2021-05-25,0.01,4188.1299,18.84
2021-05-26,0.005,4195.9902,17.36
2021-05-27,0.005,4200.8799,16.74
2021-05-28,0.008,4204.1099,16.76
2021-06-01,0.01,4202.04,17.9
2021-06-02,0.015,4208.1201,17.48
2021-06-03,0.015,4192.8501,18.04
2021-06-04,0.015,4229.8901,16.42
2021-06-07,0.018,4226.52,16.42
2021-06-08,0.02,4227.2598,17.07
2021-06-09,0.02,4219.5498,17.89
2021-06-10,0.02,4239.1802,16.1
2021-06-11,0.018,4247.4399,15.65
2021-06-14,0.015,4255.1499,16.39
2021-06-15,0.02,4246.5898,17.02
2021-06-16,0.028,4223.7002,18.15
2021-06-17,0.028,4221.8599,17.75
2021-06-18,0.028,4166.4502,20.7
2021-06-21,0.03,4224.79,17.89
2021-06-22,0.038,4246.4399,16.66
2021-06-23,0.04,4241.8398,16.32
2021-06-24,0.043,4266.4902,15.97
2021-06-25,0.043,4280.7002,15.62
2021-06-28,0.04,4290.6099,15.76
2021-06-29,0.04,4291.7998,16.02
2021-06-30,0.04,4297.5,15.83
2021-07-01,0.04,4319.9399,15.48
2021-07-02,0.038,4352.3398,15.07
2021-07-06,0.04,4343.54,16.44
2021-07-07,0.043,4358.1299,16.2
2021-07-08,0.043,4320.8198,19
2021-07-09,0.043,4369.5498,16.18
2021-07-12,0.043,4384.6299,16.17
2021-07-13,0.045,4369.21,17.12
2021-07-14,0.045,4374.2998,16.33
2021-07-15,0.038,4360.0298,17.01
2021-07-16,0.038,4327.1602,18.45
2021-07-19,0.04,4258.4902,22.5
2021-07-20,0.045,4323.0601,19.73
2021-07-21,0.045,4358.6899,17.91
2021-07-22,0.043,4367.48,17.69
2021-07-23,0.045,4411.79,17.2
2021-07-26,0.04,4422.2998,17.58
2021-07-27,0.045,4401.46,19.36
2021-07-28,0.045,4400.6401,18.31
2021-07-29,0.04,4419.1499,17.7
2021-07-30,0.04,4395.2598,18.24
2021-08-02,0.038,4387.1602,19.46
2021-08-03,0.045,4423.1499,18.04
2021-08-04,0.045,4402.6602,17.97
2021-08-05,0.043,4429.1001,17.28
2021-08-06,0.043,4436.52,16.15
2021-08-09,0.045,4432.3501,16.72
2021-08-10,0.05,4436.75,16.79
2021-08-11,0.045,4442.4102,16.17
2021-08-12,0.043,4460.8301,15.59
2021-08-13,0.045,4468,15.45
2021-08-16,0.058,4479.71,16.12
2021-08-17,0.063,4448.0801,17.91
2021-08-18,0.055,4400.27,21.57
2021-08-19,0.043,4405.7998,21.67
2021-08-20,0.043,4441.6699,18.56
2021-08-23,0.04,4479.5298,17.15
2021-08-24,0.048,4486.23,17.22
2021-08-25,0.045,4496.1899,16.79
2021-08-26,0.043,4470,18.84
2021-08-27,0.043,4509.3701,16.39
2021-08-30,0.038,4528.79,16.19
2021-08-31,0.04,4522.6802,16.48
2021-09-01,0.04,4524.0898,16.11
2021-09-02,0.04,4536.9502,16.41
2021-09-03,0.04,4535.4302,16.41
2021-09-07,0.035,4520.0298,18.14
2021-09-08,0.04,4514.0698,17.96
2021-09-09,0.038,4493.2798,18.8
2021-09-10,0.038,4458.5801,20.95
2021-09-13,0.038,4468.73,19.37
2021-09-14,0.035,4443.0498,19.46
2021-09-15,0.035,4480.7002,18.18
2021-09-16,0.03,4473.75,18.69
2021-09-17,0.028,4432.9902,20.81
2021-09-20,0.025,4357.73,25.71
2021-09-21,0.02,4354.1899,24.36
2021-09-22,0.025,4395.6401,20.87
2021-09-23,0.025,4448.98,18.63
2021-09-24,0.025,4455.48,17.75
2021-09-27,0.025,4443.1099,18.76
2021-09-28,0.03,4352.6299,23.25
2021-09-29,0.03,4359.46,22.56
2021-09-30,0.028,4307.54,23.14
2021-10-01,0.028,4357.04,21.1
2021-10-04,0.028,4300.46,22.96
2021-10-05,0.035,4345.7202,21.3
2021-10-06,0.04,4363.5498,21
2021-10-07,0.04,4399.7598,19.54
2021-10-08,0.04,4391.3398,18.77
2021-10-11,0.04,4361.1899,20
2021-10-12,0.04,4350.6499,19.85
2021-10-13,0.045,4363.7998,18.64
2021-10-14,0.04,4438.2598,16.86
2021-10-15,0.038,4471.3701,16.3
2021-10-18,0.043,4486.46,16.31
2021-10-19,0.05,4519.6299,15.7
2021-10-20,0.05,4536.1899,15.49
2021-10-21,0.05,4549.7798,15.01
2021-10-22,0.05,4544.8999,15.43
2021-10-25,0.05,4566.48,15.24
2021-10-26,0.05,4574.79,15.98
2021-10-27,0.05,4551.6802,16.98
2021-10-28,0.048,4596.4199,16.53
2021-10-29,0.048,4605.3799,16.26
2021-11-01,0.04,4613.6699,16.41
2021-11-02,0.045,4630.6499,16.03
2021-11-03,0.045,4660.5698,15.1
2021-11-04,0.035,4680.0601,15.44
2021-11-05,0.04,4697.5298,16.48
2021-11-08,0.035,4701.7002,17.22
2021-11-09,0.04,4685.25,17.78
2021-11-10,0.045,4646.71,18.73
2021-11-11,0.04,4649.27,17.66
2021-11-12,0.043,4682.8501,16.29
2021-11-15,0.038,4682.7998,16.49
2021-11-16,0.04,4700.8999,16.37
2021-11-17,0.045,4688.6699,17.11
2021-11-18,0.045,4704.54,17.59
2021-11-19,0.045,4697.96,17.91
2021-11-22,0.04,4682.9399,19.17
2021-11-23,0.045,4690.7002,19.38
2021-11-24,0.05,4701.46,18.58
2021-11-26,0.043,4594.6201,28.62
2021-11-29,0.038,4655.27,22.96
2021-11-30,0.048,4567,27.19
2021-12-01,0.05,4513.04,31.12
2021-12-02,0.043,4577.1001,27.95
2021-12-03,0.043,4538.4302,30.67
2021-12-06,0.043,4591.6699,27.18
2021-12-07,0.058,4686.75,21.89
2021-12-08,0.06,4701.21,19.9
2021-12-09,0.053,4667.4502,21.58
2021-12-10,0.05,4712.02,18.69
2021-12-13,0.043,4668.9702,20.31
2021-12-14,0.048,4634.0898,21.89
2021-12-15,0.045,4709.8501,19.29
2021-12-16,0.035,4668.6699,20.57
2021-12-17,0.03,4620.6401,21.57
2021-12-20,0.038,4568.02,22.87
2021-12-21,0.065,4649.23,21.01
2021-12-22,0.065,4696.5601,18.63
2021-12-23,0.058,4725.79,17.96
2021-12-27,0.043,4791.1899,17.68
2021-12-28,0.05,4786.3501,17.54
2021-12-29,0.045,4793.0601,16.95
2021-12-30,0.025,4778.73,17.33
2021-12-31,0.033,4766.1802,17.22
2022-01-03,0.053,4796.5601,16.6
2022-01-04,0.08,4793.54,16.91
2022-01-05,0.085,4700.5801,19.73
2022-01-06,0.09,4696.0498,19.61
2022-01-07,0.088,4677.0298,18.76
2022-01-10,0.09,4670.29,19.4
2022-01-11,0.118,4713.0698,18.41
2022-01-12,0.115,4726.3501,17.62
2022-01-13,0.11,4659.0298,20.31
2022-01-14,0.118,4662.8501,19.19
2022-01-18,0.13,4577.1099,22.79
2022-01-19,0.165,4532.7598,23.85
2022-01-20,0.168,4482.73,25.59
2022-01-21,0.158,4397.9399,28.85
2022-01-24,0.155,4410.1299,29.9
2022-01-25,0.185,4356.4502,31.16
2022-01-26,0.178,4349.9302,31.96
2022-01-27,0.185,4326.5098,30.49
2022-01-28,0.173,4431.8501,27.66
2022-01-31,0.173,4515.5498,24.83
2022-02-01,0.203,4546.54,21.96
2022-02-02,0.185,4589.3799,22.09
2022-02-03,0.193,4477.4399,24.35
2022-02-04,0.223,4500.5298,23.22
2022-02-07,0.203,4483.8701,22.86
2022-02-08,0.275,4521.54,21.44
2022-02-09,0.27,4587.1802,19.96
2022-02-10,0.37,4504.0801,23.91
2022-02-11,0.338,4418.6401,27.36
2022-02-14,0.36,4401.6699,28.33
2022-02-15,0.4,4471.0698,25.7
2022-02-16,0.373,4475.0098,24.29
2022-02-17,0.345,4380.2598,28.11
2022-02-18,0.318,4348.8701,27.75
2022-02-22,0.33,4304.7598,28.81
2022-02-23,0.34,4225.5,31.02
2022-02-24,0.283,4288.7002,30.32
2022-02-25,0.298,4384.6499,27.59
2022-02-28,0.288,4373.9399,30.15
2022-03-01,0.313,4306.2598,33.32
2022-03-02,0.325,4386.54,30.74
2022-03-03,0.335,4363.4902,30.48
2022-03-04,0.305,4328.8701,31.98
2022-03-07,0.305,4201.0898,36.45
2022-03-08,0.36,4170.7002,35.13
2022-03-09,0.37,4277.8799,32.45
2022-03-10,0.36,4259.52,30.23
2022-03-11,0.365,4204.3101,30.75
2022-03-14,0.378,4173.1099,31.77
2022-03-15,0.448,4262.4502,29.83
2022-03-16,0.433,4357.8599,26.67
2022-03-17,0.36,4411.6699,25.67
2022-03-18,0.383,4463.1201,23.87
2022-03-21,0.455,4461.1802,23.53
2022-03-22,0.52,4511.6099,22.94
2022-03-23,0.48,4456.2402,23.57
2022-03-24,0.483,4520.1602,21.67
2022-03-25,0.52,4543.0601,20.81
2022-03-28,0.508,4575.52,19.63
2022-03-29,0.555,4631.6001,18.9
2022-03-30,0.525,4602.4502,19.33
2022-03-31,0.493,4530.4102,20.56
2022-04-01,0.5,4545.8599,19.63
2022-04-04,0.538,4582.6401,18.57
2022-04-05,0.668,4525.1201,21.03
2022-04-06,0.663,4481.1499,22.1
2022-04-08,0.668,4488.2798,21.16
2022-04-11,0.68,4412.5298,24.37
2022-04-12,0.738,4397.4502,24.26
2022-04-13,0.74,4446.5898,21.82
2022-04-14,0.748,4392.5898,22.7
2022-04-18,0.755,4391.6899,22.17
2022-04-19,0.833,4462.21,21.37
2022-04-20,0.795,4459.4502,20.32
2022-04-21,0.8,4393.6602,22.68
2022-04-22,0.78,4271.7798,28.21
2022-04-25,0.798,4296.1201,27.02
2022-04-26,0.833,4175.2002,33.52
2022-04-27,0.808,4183.96,31.6
2022-04-28,0.785,4287.5,29.99
2022-04-29,0.808,4131.9302,33.4
2022-05-02,0.765,4155.3799,32.34
2022-05-03,0.895,4175.48,29.25
2022-05-04,0.833,4300.1699,25.42
2022-05-05,0.803,4146.8701,31.2
2022-05-06,0.815,4123.3398,30.19
2022-05-09,0.8,3991.24,34.75
2022-05-10,0.878,4001.05,32.99
2022-05-11,0.883,3935.1799,32.56
2022-05-12,0.905,3930.0801,31.77
2022-05-13,0.943,4023.8899,28.87
2022-05-16,0.98,4008.01,27.47
2022-05-17,1.038,4088.8501,26.1
2022-05-18,1.003,3923.6799,30.96
2022-05-19,1,3900.79,29.35
2022-05-20,0.978,3901.3601,29.43
2022-05-23,0.993,3973.75,28.48
2022-05-24,1.043,3941.48,29.45
2022-05-25,1.045,3978.73,28.37
2022-05-26,1.028,4057.8401,27.5
2022-05-27,1.025,4158.2402,25.72
2022-05-31,1.03,4132.1499,26.19
2022-06-01,1.103,4101.23,25.69
2022-06-02,1.113,4176.8198,24.72
2022-06-03,1.135,4108.54,24.79
2022-06-06,1.16,4121.4302,25.07
2022-06-07,1.225,4160.6802,24.02
2022-06-08,1.233,4115.77,23.96
2022-06-09,1.238,4017.8201,26.09
2022-06-10,1.288,3900.8601,27.75
2022-06-13,1.498,3749.6299,34.02
2022-06-14,1.743,3735.48,32.69
2022-06-15,1.695,3789.99,29.62
2022-06-16,1.483,3666.77,32.95
2022-06-17,1.51,3674.8401,31.13
2022-06-21,1.488,3764.79,30.19
2022-06-22,1.545,3759.8899,28.95
2022-06-23,1.56,3795.73,29.05
2022-06-24,1.598,3911.74,27.23
2022-06-27,1.633,3900.1101,26.95
2022-06-28,1.738,3821.55,28.36
2022-06-29,1.705,3818.8301,28.16
2022-06-30,1.6,3785.3799,28.71
2022-07-01,1.603,3825.3301,26.7
2022-07-05,1.63,3831.3899,27.54
2022-07-06,1.84,3845.0801,26.73
2022-07-07,1.853,3902.6201,26.08
2022-07-08,1.843,3899.3799,24.64
2022-07-11,1.953,3854.4299,26.17
2022-07-12,2.113,3818.8,27.29
2022-07-13,2.323,3801.78,26.82
2022-07-14,2.273,3790.3799,26.4
2022-07-15,2.24,3863.1599,24.23
2022-07-18,2.26,3830.8501,25.3
2022-07-19,2.45,3936.6899,24.5
2022-07-20,2.378,3959.8999,23.88
2022-07-21,2.36,3998.95,23.11
2022-07-22,2.355,3961.6299,23.03
2022-07-25,2.393,3966.8401,23.36
2022-07-26,2.475,3921.05,24.69
2022-07-27,2.383,4023.6101,23.24
2022-07-28,2.308,4072.4299,22.33
2022-07-29,2.298,4130.29,21.33
2022-08-01,2.265,4118.6299,22.84
2022-08-02,2.463,4091.1899,23.93
2022-08-03,2.428,4155.1699,21.95
2022-08-04,2.378,4151.9399,21.44
2022-08-05,2.41,4145.1899,21.15
2022-08-08,2.46,4140.0601,21.29
2022-08-09,2.57,4122.4702,21.77
2022-08-10,2.535,4210.2402,19.74
2022-08-11,2.49,4207.27,20.2
2022-08-12,2.5,4280.1499,19.53
2022-08-15,2.513,4297.1401,19.95
2022-08-16,2.598,4305.2002,19.69
2022-08-17,2.568,4274.04,19.9
2022-08-18,2.565,4283.7402,19.56
2022-08-19,2.58,4228.48,20.6
2022-08-22,2.648,4137.9902,23.8
2022-08-23,2.703,4128.73,24.11
2022-08-24,2.713,4140.77,22.82
2022-08-25,2.73,4199.1201,21.78
2022-08-26,2.755,4057.6599,25.56
2022-08-29,2.798,4030.6101,26.21
2022-08-30,2.873,3986.1599,26.21
2022-08-31,2.86,3955,25.87
2022-09-01,2.863,3966.8501,25.56
2022-09-02,2.82,3924.26,25.47
2022-09-06,2.845,3908.1899,26.91
2022-09-07,2.933,3979.8701,24.64
2022-09-08,2.95,4006.1799,23.61
2022-09-09,2.968,4067.3601,22.79
2022-09-12,2.995,4110.4102,23.87
2022-09-13,3.153,3932.6899,27.27
2022-09-14,3.128,3946.01,26.16
2022-09-15,3.095,3901.3501,26.27
2022-09-16,3.07,3873.3301,26.3
2022-09-19,3.035,3899.8899,25.76
2022-09-20,3.243,3855.9299,27.16
2022-09-21,3.19,3789.9299,27.99
2022-09-22,3.13,3757.99,27.35
2022-09-23,3.108,3693.23,29.92
2022-09-26,3.165,3655.04,32.26
2022-09-27,3.25,3647.29,32.6
2022-09-28,3.23,3719.04,30.18
2022-09-29,3.218,3640.47,31.84
2022-09-30,3.18,3585.6201,31.62
2022-10-03,3.15,3678.4299,30.1
2022-10-04,3.315,3790.9299,29.07
2022-10-05,3.293,3783.28,28.55
2022-10-06,3.288,3744.52,30.52
2022-10-07,3.293,3639.6599,31.36
2022-10-10,3.285,3612.3899,32.45
2022-10-11,3.34,3588.8401,33.63
2022-10-12,3.533,3577.03,33.57
2022-10-13,3.583,3669.9099,31.94
2022-10-14,3.628,3583.0701,32.02
2022-10-17,3.688,3677.95,31.37
2022-10-18,3.833,3719.98,30.5
2022-10-19,3.893,3695.1599,30.76
2022-10-20,3.89,3665.78,29.98
2022-10-21,3.885,3752.75,29.69
2022-10-24,3.913,3797.3401,29.85
2022-10-25,3.965,3859.1101,28.46
2022-10-26,3.93,3830.6001,27.28
2022-10-27,3.93,3807.3,27.39
2022-10-28,3.97,3901.0601,25.75
2022-10-31,3.975,3871.98,25.88
2022-11-01,4.05,3856.1001,25.81
2022-11-02,4.025,3759.6899,25.86
2022-11-03,4.025,3719.8899,25.3
2022-11-04,4.013,3770.55,24.55
2022-11-07,3.983,3806.8,24.35
2022-11-08,4.09,3828.1101,25.54
2022-11-09,4.093,3748.5701,26.09
2022-11-10,4.055,3956.3701,23.53
2022-11-11,4.063,3992.9299,22.52
2022-11-14,4.068,3957.25,23.73
2022-11-15,4.13,3991.73,24.54
2022-11-16,4.125,3958.79,24.11
2022-11-17,4.113,3946.5601,23.93
2022-11-18,4.135,3965.3401,23.12
2022-11-21,4.098,3949.9399,22.36
2022-11-22,4.198,4003.5801,21.29
2022-11-23,4.2,4027.26,20.35
2022-11-25,4.175,4026.1201,20.5
2022-11-28,4.183,3963.9399,22.21
2022-11-29,4.253,3957.6299,21.89
2022-11-30,4.253,4080.1101,20.58
2022-12-01,4.193,4076.5701,19.84
2022-12-02,4.208,4071.7,19.06
2022-12-05,4.158,3998.8401,20.75
2022-12-06,4.22,3941.26,22.17
2022-12-07,4.183,3933.9199,22.68
2022-12-08,4.15,3963.51,22.29
2022-12-09,4.173,3934.3799,22.83
2022-12-12,4.168,3990.5601,25
2022-12-13,4.248,4019.6499,22.55
2022-12-14,4.22,3995.3201,21.14
2022-12-15,4.213,3895.75,22.83
2022-12-16,4.163,3852.3601,22.62
2022-12-19,4.163,3817.6599,22.42
2022-12-20,4.23,3821.6201,21.48
2022-12-21,4.205,3878.4399,20.07
2022-12-22,4.208,3822.3899,21.97
2022-12-23,4.193,3844.8201,20.87
2022-12-27,4.195,3829.25,21.65
2022-12-28,4.338,3783.22,22.14
2022-12-29,4.295,3849.28,21.44
2022-12-30,4.26,3839.5,21.67
2023-01-03,4.255,3824.1399,22.9
2023-01-04,4.4,3852.97,22.01
2023-01-05,4.498,3808.1001,22.46
2023-01-06,4.493,3895.0801,21.13
2023-01-09,4.483,3892.0901,21.97
2023-01-10,4.565,3919.25,20.58
2023-01-11,4.555,3969.6101,21.09
2023-01-12,4.475,3983.1699,18.83
2023-01-13,4.488,3999.0901,18.35
2023-01-17,4.493,3990.97,19.36
2023-01-18,4.53,3928.8601,20.34
2023-01-19,4.525,3898.8501,20.52
2023-01-20,4.538,3972.6101,19.85
2023-01-23,4.535,4019.8101,19.81
2023-01-24,4.573,4016.95,19.2
2023-01-25,4.545,4016.22,19.08
2023-01-26,4.543,4060.4299,18.73
2023-01-27,4.548,4070.5601,18.51
2023-01-30,4.535,4017.77,19.94
2023-01-31,4.57,4076.6001,19.4
2023-02-01,4.52,4119.21,17.87
2023-02-02,4.51,4179.7598,18.73
2023-02-03,4.523,4136.48,18.33
2023-02-06,4.533,4111.0801,19.43
2023-02-07,4.57,4164,18.66
2023-02-08,4.585,4117.8599,19.63
2023-02-09,4.613,4081.5,20.71
2023-02-10,4.635,4090.46,20.53
2023-02-13,4.645,4137.29,20.34
2023-02-14,4.66,4136.1299,18.91
2023-02-15,4.643,4147.6001,18.23
2023-02-16,4.665,4090.4099,20.17
2023-02-17,4.68,4079.0901,20.02
2023-02-21,4.688,3997.3401,22.87
2023-02-22,4.695,3991.05,22.29
2023-02-23,4.69,4012.3201,21.14
2023-02-24,4.703,3970.04,21.67
2023-02-27,4.665,3982.24,20.95
2023-02-28,4.71,3970.1499,20.7
2023-03-01,4.725,3951.3899,20.58
2023-03-02,4.723,3981.3501,19.59
2023-03-03,4.718,4045.6399,18.49
2023-03-06,4.728,4048.4199,18.61
2023-03-07,4.845,3986.3701,19.59
2023-03-08,4.883,3992.01,19.11
2023-03-09,4.848,3918.3201,22.61
2023-03-10,4.803,3861.5901,24.8
2023-03-13,4.658,3855.76,26.52
2023-03-14,4.68,3919.29,23.73
2023-03-15,4.558,3891.9299,26.14
2023-03-16,4.53,3960.28,22.99
2023-03-17,4.293,3916.6399,25.51
2023-03-20,4.465,3951.5701,24.15
2023-03-21,4.605,4002.8701,21.38
2023-03-22,4.563,3936.97,22.26
2023-03-23,4.503,3948.72,22.61
2023-03-24,4.503,3970.99,21.74
2023-03-27,4.583,3977.53,20.6
2023-03-28,4.628,3971.27,19.97
2023-03-29,4.63,4027.8101,19.12
2023-03-30,4.665,4050.8301,19.02
2023-03-31,4.585,4109.3101,18.7
2023-04-03,4.57,4124.5098,18.55
2023-04-04,4.728,4100.6001,19
2023-04-05,4.705,4090.3799,19.08
2023-04-06,4.71,4105.02,18.4
2023-04-10,4.838,4109.1099,18.97
2023-04-11,4.88,4108.9399,19.1
2023-04-12,4.86,4091.95,19.09
2023-04-13,4.855,4146.2202,17.8
2023-04-14,4.903,4137.6401,17.07
2023-04-17,4.923,4151.3198,16.95
2023-04-18,5.03,4154.8701,16.83
2023-04-19,4.995,4154.52,16.46
2023-04-20,4.945,4129.79,17.17
2023-04-21,4.95,4133.52,16.77
2023-04-24,4.873,4137.04,16.89
2023-04-25,4.953,4071.6299,18.76
2023-04-26,4.985,4055.99,18.84
2023-04-27,5,4135.3501,17.03
2023-04-28,4.923,4169.48,15.78
2023-05-01,4.865,4167.8701,16.08
2023-05-02,5.04,4119.5801,17.78
2023-05-03,5.095,4090.75,18.34
2023-05-04,5.055,4061.22,20.09
2023-05-05,5.08,4136.25,17.19
2023-05-08,5.083,4138.1201,16.98
2023-05-09,5.123,4119.1699,17.71
2023-05-10,5.065,4137.6401,16.94
2023-05-11,5.015,4130.6201,16.93
2023-05-12,5.028,4124.0801,17.03
2023-05-15,5,4136.2798,17.12
2023-05-16,5.058,4109.8999,17.99
2023-05-17,5.088,4158.77,16.87
2023-05-18,5.125,4198.0498,16.05
2023-05-19,5.085,4191.98,16.81
2023-05-22,5.095,4192.6299,17.21
2023-05-23,5.153,4145.5801,18.53
2023-05-24,5.185,4115.2402,20.03
2023-05-25,5.163,4151.2798,19.14
2023-05-26,5.115,4205.4502,17.95
2023-05-30,5.143,4205.52,17.46
2023-05-31,5.248,4179.8301,17.94
2023-06-01,5.203,4221.02,15.65
2023-06-02,5.215,4282.3701,14.6
2023-06-05,5.143,4273.79,14.73
2023-06-06,5.158,4283.8501,13.96
2023-06-07,5.153,4267.52,13.94
2023-06-08,5.1,4293.9302,13.65
2023-06-09,5.095,4298.8599,13.83
2023-06-12,5.095,4338.9302,15.01
2023-06-13,5.1,4369.0098,14.61
2023-06-14,5.08,4372.5898,13.88
2023-06-15,5.055,4425.8398,14.5
2023-06-16,5.065,4409.5898,13.54
2023-06-20,5.075,4388.71,13.88
2023-06-21,5.135,4365.6899,13.2
2023-06-22,5.135,4381.8901,12.91
2023-06-23,5.138,4348.3301,13.44
2023-06-26,5.155,4328.8198,14.25
2023-06-27,5.18,4378.4102,13.74
2023-06-28,5.17,4376.8599,13.43
2023-06-29,5.175,4396.4399,13.54
2023-06-30,5.153,4450.3799,13.59
2023-07-03,5.145,4455.5898,13.57
2023-07-05,5.193,4446.8198,14.18
2023-07-06,5.213,4411.5898,15.44
2023-07-07,5.213,4398.9502,14.83
2023-07-10,5.225,4409.5298,15.07
2023-07-11,5.243,4439.2598,14.84
2023-07-12,5.23,4472.1602,13.54
2023-07-13,5.223,4510.04,13.61
2023-07-14,5.215,4505.4199,13.34
2023-07-17,5.233,4522.79,13.48
2023-07-18,5.248,4554.98,13.3
2023-07-19,5.245,4565.7202,13.76
2023-07-20,5.243,4534.8701,13.99
2023-07-21,5.248,4536.3398,13.6
2023-07-24,5.25,4554.6401,13.91
2023-07-25,5.265,4567.46,13.86
2023-07-26,5.268,4566.75,13.19
2023-07-27,5.268,4537.4102,14.41
2023-07-28,5.255,4582.23,13.33
2023-07-31,5.248,4588.96,13.63
2023-08-01,5.26,4576.73,13.93
2023-08-02,5.26,4513.3901,16.09
2023-08-03,5.258,4501.8901,15.92
2023-08-04,5.253,4478.0298,17.1
2023-08-07,5.26,4518.4399,15.77
2023-08-08,5.275,4499.3799,15.99
2023-08-09,5.28,4467.71,15.96
2023-08-10,5.268,4468.8301,15.85
2023-08-11,5.265,4464.0498,14.84
2023-08-14,5.27,4489.7202,14.82
2023-08-15,5.28,4437.8599,16.46
2023-08-16,5.285,4404.3301,16.78
2023-08-17,5.278,4370.3599,17.89
2023-08-18,5.278,4369.71,17.3
2023-08-21,5.28,4399.77,17.13
2023-08-22,5.295,4387.5498,16.97
2023-08-23,5.295,4436.0098,15.98
2023-08-24,5.303,4376.3101,17.2
2023-08-25,5.315,4405.71,15.68
2023-08-28,5.323,4433.3101,15.08
2023-08-29,5.32,4497.6299,14.45
2023-08-30,5.315,4514.8701,13.88
2023-08-31,5.298,4507.6602,13.57
2023-09-01,5.268,4515.77,13.09
2023-09-05,5.278,4496.8301,14.01
2023-09-06,5.3,4465.48,14.45
2023-09-07,5.283,4451.1401,14.4
2023-09-08,5.293,4457.4902,13.84
2023-09-11,5.293,4487.46,13.8
2023-09-12,5.305,4461.8999,14.23
2023-09-13,5.305,4467.4399,13.48
2023-09-14,5.295,4505.1001,12.82
2023-09-15,5.298,4450.3198,13.79
2023-09-18,5.3,4453.5298,14
2023-09-19,5.31,4443.9502,14.11
2023-09-20,5.315,4402.2002,15.14
2023-09-21,5.305,4330,17.54
2023-09-22,5.305,4320.0601,17.2
2023-09-25,5.313,4337.4399,16.9
2023-09-26,5.325,4273.5298,18.94
2023-09-27,5.33,4274.5098,18.22
2023-09-28,5.308,4299.7002,17.34
2023-09-29,5.3,4288.0498,17.52
2023-10-02,5.315,4288.3901,17.61
2023-10-03,5.34,4229.4502,19.78
2023-10-04,5.335,4263.75,18.58
2023-10-05,5.325,4258.1899,18.49
2023-10-06,5.348,4308.5,17.45
2023-10-09,5.348,4335.6602,17.7
2023-10-10,5.323,4358.2402,17.03
2023-10-11,5.335,4376.9502,16.09
2023-10-12,5.335,4349.6099,16.69
2023-10-13,5.328,4327.7798,19.32
2023-10-16,5.328,4373.6299,17.21
2023-10-17,5.34,4373.2002,17.88
2023-10-18,5.33,4314.6001,19.22
2023-10-19,5.31,4278,21.4
2023-10-20,5.3,4224.1602,21.71
2023-10-23,5.293,4217.04,20.37
2023-10-24,5.308,4247.6802,18.97
2023-10-25,5.315,4186.77,20.19
2023-10-26,5.3,4137.23,20.68
2023-10-27,5.305,4117.3701,21.27
2023-10-30,5.313,4166.8198,19.75
2023-10-31,5.32,4193.7998,18.14
2023-11-01,5.3,4237.8599,16.87
2023-11-02,5.27,4317.7798,15.66
2023-11-03,5.253,4358.3398,14.91
2023-11-06,5.26,4365.98,14.89
2023-11-07,5.273,4378.3799,14.81
2023-11-08,5.268,4382.7798,14.45
2023-11-09,5.263,4347.3501,15.29
2023-11-10,5.25,4415.2402,14.17
2023-11-13,5.26,4411.5498,14.76
2023-11-14,5.253,4495.7002,14.16
2023-11-15,5.255,4502.8799,14.18
2023-11-16,5.243,4508.2402,14.32
2023-11-17,5.233,4514.02,13.8
2023-11-20,5.238,4547.3799,13.41
2023-11-21,5.255,4538.1899,13.35
2023-11-22,5.265,4556.6201,12.85
2023-11-24,5.253,4559.3398,12.46
2023-11-27,5.258,4550.4302,12.69
2023-11-28,5.26,4554.8901,12.69
2023-11-29,5.24,4550.5801,12.98
2023-11-30,5.238,4567.7998,12.92
2023-12-01,5.215,4594.6299,12.63
2023-12-04,5.223,4569.7798,13.08
2023-12-05,5.243,4567.1802,12.85
2023-12-06,5.243,4549.3398,12.97
2023-12-07,5.233,4585.5898,13.06
2023-12-08,5.233,4604.3701,12.35
2023-12-11,5.233,4622.4399,12.63
2023-12-12,5.248,4643.7002,12.07
2023-12-13,5.223,4707.0898,12.19
2023-12-14,5.215,4719.5498,12.48
2023-12-15,5.225,4719.1899,12.28
2023-12-18,5.225,4740.5601,12.56
2023-12-19,5.238,4768.3701,12.53
2023-12-20,5.23,4698.3501,13.67
2023-12-21,5.21,4746.75,13.65
2023-12-22,5.208,4754.6299,13.03
2023-12-26,5.203,4774.75,12.99
2023-12-27,5.235,4781.5801,12.43
2023-12-28,5.218,4783.3501,12.47
2023-12-29,5.18,4769.8301,12.45
2024-01-02,5.213,4742.8301,13.2
2024-01-03,5.235,4704.8101,14.04
2024-01-04,5.228,4688.6802,14.13
2024-01-05,5.22,4697.2402,13.35
2024-01-08,5.22,4763.54,13.08
2024-01-09,5.23,4756.5,12.76
2024-01-10,5.225,4783.4502,12.69
2024-01-11,5.218,4780.2402,12.44
2024-01-12,5.198,4783.8301,12.7
2024-01-16,5.203,4765.98,13.84
2024-01-17,5.215,4739.21,14.79
2024-01-18,5.2,4780.9399,14.13
2024-01-19,5.198,4839.8101,13.3
2024-01-22,5.2,4850.4302,13.19
2024-01-23,5.21,4864.6001,12.55
2024-01-24,5.21,4868.5498,13.14
2024-01-25,5.195,4894.1602,13.45
2024-01-26,5.2,4890.9702,13.26
2024-01-29,5.2,4927.9302,13.6
2024-01-30,5.203,4924.9702,13.31
2024-01-31,5.188,4845.6499,14.35
2024-02-01,5.2,4906.1899,13.88
2024-02-02,5.21,4958.6099,13.85
2024-02-05,5.228,4942.8101,13.67
2024-02-06,5.223,4954.23,13.06
2024-02-07,5.223,4995.0601,12.83
2024-02-08,5.218,4997.9102,12.79
2024-02-09,5.22,5026.6099,12.93
2024-02-12,5.228,5021.8398,13.93
2024-02-13,5.233,4953.1699,15.85
2024-02-14,5.218,5000.6201,14.38
2024-02-15,5.218,5029.73,14.01
2024-02-16,5.223,5005.5698,14.24
2024-02-20,5.213,4975.5098,15.42
2024-02-21,5.235,4981.7998,15.34
2024-02-22,5.233,5087.0298,14.54
2024-02-23,5.24,5088.7998,13.75
2024-02-26,5.25,5069.5298,13.74
2024-02-27,5.245,5078.1802,13.43
2024-02-28,5.24,5069.7598,13.84
2024-02-29,5.223,5096.27,13.4
2024-03-01,5.215,5137.0801,13.11
2024-03-04,5.223,5130.9502,13.49
2024-03-05,5.225,5078.6499,14.46
2024-03-06,5.23,5104.7598,14.5
2024-03-07,5.228,5157.3599,14.44
2024-03-08,5.228,5123.6899,14.74
2024-03-11,5.24,5117.9399,15.22
2024-03-12,5.24,5175.27,13.84
2024-03-13,5.238,5165.3101,13.75
2024-03-14,5.238,5150.48,14.4
2024-03-15,5.238,5117.0898,14.41
2024-03-18,5.238,5149.4199,14.33
2024-03-19,5.238,5178.5098,13.82
2024-03-20,5.228,5224.6201,13.04
2024-03-21,5.228,5241.5298,12.92
2024-03-22,5.22,5234.1802,13.06
2024-03-25,5.218,5218.1899,13.19
2024-03-26,5.218,5203.5801,13.24
2024-03-27,5.215,5248.4902,12.78
2024-03-28,5.203,5254.3501,13.01
2024-04-01,5.218,5243.77,13.65
2024-04-02,5.213,5205.8101,14.61
2024-04-03,5.21,5211.4902,14.33
2024-04-04,5.203,5147.21,16.35
2024-04-05,5.215,5204.3398,16.03
2024-04-08,5.223,5202.3901,15.19
2024-04-09,5.22,5209.9102,14.98
2024-04-10,5.243,5160.6401,15.8
2024-04-11,5.238,5199.0601,14.91
2024-04-12,5.23,5123.4102,17.31
2024-04-15,5.238,5061.8198,19.23
2024-04-16,5.233,5051.4102,18.4
2024-04-17,5.24,5022.21,18.21
2024-04-18,5.243,5011.1201,18
2024-04-19,5.245,4967.23,18.71
2024-04-22,5.245,5010.6001,16.94
2024-04-23,5.245,5070.5498,15.69
2024-04-24,5.255,5071.6299,15.97
2024-04-25,5.245,5048.4199,15.37
2024-04-26,5.238,5099.96,15.03
2024-04-29,5.243,5116.1699,14.67
2024-04-30,5.245,5035.6899,15.65
2024-05-01,5.25,5018.3901,15.39
2024-05-02,5.238,5064.2002,14.68
2024-05-03,5.235,5127.79,13.49
2024-05-06,5.24,5180.7402,13.49
2024-05-07,5.243,5187.7002,13.23
2024-05-08,5.245,5187.6699,13
2024-05-09,5.24,5214.0801,12.69
2024-05-10,5.243,5222.6802,12.55
2024-05-13,5.24,5221.4199,13.6
2024-05-14,5.235,5246.6802,13.42
2024-05-15,5.24,5308.1499,12.45
2024-05-16,5.243,5297.1001,12.42
2024-05-17,5.24,5303.27,11.99
2024-05-20,5.24,5308.1299,12.15
2024-05-21,5.24,5321.4102,11.86
2024-05-22,5.245,5307.0098,12.29
2024-05-23,5.245,5267.8398,12.77
2024-05-24,5.245,5304.7202,11.93
2024-05-28,5.248,5306.04,12.92
2024-05-29,5.25,5266.9502,14.28
2024-05-30,5.248,5235.48,14.47
2024-05-31,5.245,5277.5098,12.92
2024-06-03,5.243,5283.3999,13.11
2024-06-04,5.24,5291.3398,13.16
2024-06-05,5.24,5354.0298,12.63
2024-06-06,5.233,5352.96,12.58
2024-06-07,5.238,5346.9902,12.22
2024-06-10,5.233,5360.79,12.74
2024-06-11,5.245,5375.3198,12.85
2024-06-12,5.243,5421.0298,12.04
2024-06-13,5.24,5433.7402,11.94
2024-06-14,5.24,5431.6001,12.66
2024-06-17,5.243,5473.23,12.75
2024-06-18,5.235,5487.0298,12.3
2024-06-20,5.225,5473.1699,13.28
2024-06-21,5.215,5464.6201,13.2
2024-06-24,5.21,5447.8701,13.33
2024-06-25,5.223,5469.2998,12.84
2024-06-26,5.23,5477.8999,12.55
2024-06-27,5.223,5482.8701,12.24
2024-06-28,5.213,5460.48,12.44
2024-07-01,5.218,5475.0898,12.22
2024-07-02,5.228,5509.0098,12.03
2024-07-03,5.23,5537.02,12.09
2024-07-05,5.225,5567.1899,12.48
2024-07-08,5.218,5572.8501,12.37
2024-07-09,5.225,5576.98,12.51
2024-07-10,5.225,5633.9102,12.85
2024-07-11,5.198,5584.54,12.92
2024-07-12,5.198,5615.3501,12.46
2024-07-15,5.193,5631.2202,13.12
2024-07-16,5.193,5667.2002,13.19
2024-07-17,5.195,5588.27,14.48
2024-07-18,5.193,5544.5898,15.93
2024-07-19,5.193,5505,16.52
2024-07-22,5.19,5564.4102,14.91
2024-07-23,5.173,5555.7402,14.72
2024-07-24,5.17,5427.1299,18.04
2024-07-25,5.16,5399.2202,18.46
2024-07-26,5.155,5459.1001,16.39
2024-07-29,5.147,5463.54,16.6
2024-07-30,5.135,5436.4399,17.69
2024-07-31,5.135,5522.2998,16.36
2024-08-01,5.115,5446.6802,18.59
2024-08-02,5.03,5346.5601,23.39
2024-08-05,5.06,5186.3301,38.57
2024-08-06,5.08,5240.0298,27.71
2024-08-07,5.08,5199.5,27.85
2024-08-08,5.083,5319.3101,23.79
2024-08-09,5.075,5344.1602,20.37
2024-08-12,5.073,5344.3901,20.71
2024-08-13,5.053,5434.4302,18.12
2024-08-14,5.063,5455.21,16.19
2024-08-15,5.08,5543.2202,15.23
2024-08-16,5.075,5554.25,14.8
2024-08-19,5.063,5608.25,14.65
2024-08-20,5.033,5597.1201,15.88
2024-08-21,5.005,5620.8501,16.27
2024-08-22,5.025,5570.6401,17.55
2024-08-23,5,5634.6099,15.86
2024-08-26,4.998,5616.8398,16.15
2024-08-27,4.968,5625.7998,15.43
2024-08-28,4.955,5592.1802,17.11
2024-08-29,4.965,5591.96,15.65
2024-08-30,4.968,5648.3999,15
2024-09-03,4.97,5528.9302,20.72
2024-09-04,4.948,5520.0698,21.32
2024-09-05,4.932,5503.4102,19.9
2024-09-06,4.908,5408.4199,22.38
2024-09-09,4.895,5471.0498,19.45
2024-09-10,4.835,5495.52,19.08
2024-09-11,4.875,5554.1299,17.69
2024-09-12,4.84,5595.7598,17.07
2024-09-13,4.763,5626.02,16.56
2024-09-16,4.745,5633.0898,17.14
2024-09-17,4.735,5634.5801,17.61
2024-09-18,4.615,5618.2598,18.23
2024-09-19,4.593,5713.6401,16.33
2024-09-20,4.545,5702.5498,16.15
2024-09-23,4.503,5718.5698,15.89
2024-09-24,4.495,5732.9302,15.39
2024-09-25,4.487,5722.2598,15.41
2024-09-26,4.468,5745.3701,15.37
2024-09-27,4.482,5738.1699,16.96
2024-09-30,4.498,5762.48,16.73
2024-10-01,4.482,5708.75,19.26
2024-10-02,4.473,5709.54,18.9
2024-10-03,4.465,5699.9399,20.49
2024-10-04,4.505,5751.0698,19.21
2024-10-07,4.525,5695.9399,22.64
2024-10-08,4.528,5751.1299,21.42
2024-10-09,4.535,5792.04,20.86
2024-10-10,4.53,5780.0498,20.93
2024-10-11,4.515,5815.0298,20.46
2024-10-14,4.518,5859.8501,19.7
2024-10-15,4.515,5815.2598,20.64
2024-10-16,4.503,5842.4702,19.58
2024-10-17,4.515,5841.4702,19.11
2024-10-18,4.513,5864.6699,18.03
2024-10-21,4.518,5853.98,18.37
2024-10-22,4.5,5851.2002,18.2
2024-10-23,4.505,5797.4199,19.24
2024-10-24,4.487,5809.8599,19.08
2024-10-25,4.51,5808.1201,20.33
2024-10-28,4.482,5823.52,19.8
2024-10-29,4.48,5832.9199,19.34
2024-10-30,4.463,5813.6699,20.35
2024-10-31,4.432,5705.4502,23.16
2024-11-01,4.4,5728.7998,21.88
2024-11-04,4.418,5712.6899,21.98
2024-11-05,4.423,5782.7598,20.49
2024-11-06,4.43,5929.04,16.27
2024-11-07,4.42,5973.1001,15.2
2024-11-08,4.423,5995.54,14.94
2024-11-11,4.415,6001.3501,14.97
2024-11-12,4.423,5983.9902,14.71
2024-11-13,4.39,5985.3799,14.02
2024-11-14,4.383,5949.1699,14.31
2024-11-15,4.393,5870.6201,16.14
2024-11-18,4.403,5893.6201,15.58
2024-11-19,4.408,5916.98,16.35
2024-11-20,4.41,5917.1099,17.16
2024-11-21,4.413,5948.71,16.87
2024-11-22,4.415,5969.3398,15.24
2024-11-25,4.405,5987.3701,14.6
2024-11-26,4.395,6021.6299,14.1
2024-11-27,4.385,5998.7402,14.1
2024-11-29,4.373,6032.3799,13.51
2024-12-02,4.38,6047.1499,13.34
2024-12-03,4.357,6049.8799,13.3
2024-12-04,4.345,6086.4902,13.45
2024-12-05,4.33,6075.1099,13.54
2024-12-06,4.295,6090.27,12.77
2024-12-09,4.293,6052.8501,14.19
2024-12-10,4.285,6034.9102,14.18
2024-12-11,4.255,6084.1899,13.58
2024-12-12,4.223,6051.25,13.92
2024-12-13,4.218,6051.0898,13.81
2024-12-16,4.228,6074.0801,14.69
2024-12-17,4.24,6050.6099,15.87
2024-12-18,4.232,5872.1602,27.62
2024-12-19,4.22,5867.0801,24.09
2024-12-20,4.215,5930.8501,18.36
2024-12-23,4.215,5974.0698,16.78
2024-12-24,4.2,6040.04,14.27
2024-12-26,4.215,6037.5898,14.73
2024-12-27,4.178,5970.8398,15.95
2024-12-30,4.182,5906.9399,17.4
2024-12-31,4.208,5881.6299,17.35
2025-01-02,4.208,5868.5498,17.93
2025-01-03,4.193,5942.4702,16.13
2025-01-06,4.19,5975.3799,16.04
2025-01-07,4.203,5909.0298,17.82
2025-01-08,4.205,5918.25,17.7
2025-01-10,4.213,5827.04,19.54
2025-01-13,4.218,5836.2202,19.19
2025-01-14,4.213,5842.9102,18.71
2025-01-15,4.205,5949.9102,16.12
2025-01-16,4.195,5937.3398,16.6
2025-01-17,4.193,5996.6602,15.97
2025-01-21,4.197,6049.2402,15.06
2025-01-22,4.215,6086.3701,15.1
2025-01-23,4.213,6118.71,15.02
2025-01-24,4.205,6101.2402,14.85
2025-01-27,4.188,6012.2798,17.9
2025-01-28,4.19,6067.7002,16.41
2025-01-29,4.188,6039.3101,16.56
2025-01-30,4.182,6071.1699,15.84
2025-01-31,4.188,6040.5298,16.43
2025-02-03,4.19,5994.5698,18.62
2025-02-04,4.213,6037.8799,17.21
2025-02-05,4.21,6061.48,15.77
2025-02-06,4.213,6083.5698,15.5
2025-02-07,4.228,6025.9902,16.54
2025-02-10,4.228,6066.4399,15.81
2025-02-11,4.225,6068.5,16.02
2025-02-12,4.228,6051.9702,15.89
2025-02-13,4.213,6115.0698,15.1
2025-02-14,4.213,6114.6299,14.77
2025-02-18,4.213,6129.5801,15.35
2025-02-19,4.218,6144.1499,15.27
2025-02-20,4.205,6117.52,15.66
2025-02-21,4.197,6013.1299,18.21
2025-02-24,4.19,5983.25,18.98
2025-02-25,4.182,5955.25,19.43
2025-02-26,4.193,5956.0601,19.1
2025-02-27,4.195,5861.5698,21.13
2025-02-28,4.193,5954.5,19.63
2025-03-03,4.193,5849.7202,22.78
2025-03-04,4.195,5778.1499,23.51
2025-03-05,4.205,5842.6299,21.93
2025-03-06,4.197,5738.52,24.87
2025-03-07,4.197,5770.2002,23.37
2025-03-10,4.185,5614.5601,27.86
2025-03-11,4.195,5572.0698,26.92
2025-03-12,4.197,5599.2998,24.23
2025-03-13,4.188,5521.52,24.66
2025-03-14,4.188,5638.9399,21.77
2025-03-17,4.188,5675.1201,20.51
2025-03-18,4.195,5614.6602,21.7
2025-03-19,4.19,5675.29,19.9
2025-03-20,4.182,5662.8901,19.8
2025-03-21,4.185,5667.5601,19.28
2025-03-24,4.182,5767.5698,17.48
2025-03-25,4.182,5776.6499,17.15
2025-03-26,4.19,5712.2002,18.33
2025-03-27,4.188,5693.3101,18.69
2025-03-28,4.188,5580.9399,21.65
2025-03-31,4.193,5611.8501,22.28
2025-04-01,4.2,5633.0698,21.77
2025-04-02,4.203,5670.9702,21.51
2025-04-03,4.185,5396.52,30.02
2025-04-04,4.155,5074.0801,45.31
2025-04-07,4.15,5062.25,46.98
2025-04-08,4.178,4982.77,52.33
2025-04-09,4.228,5456.8999,33.62
2025-04-10,4.197,5268.0498,40.72
2025-04-11,4.213,5363.3599,37.56
2025-04-14,4.195,5405.9702,30.89
2025-04-15,4.2,5396.6299,30.12
2025-04-16,4.208,5275.7002,32.64
2025-04-17,4.205,5282.7002,29.65
2025-04-21,4.21,5158.2002,33.82
2025-04-22,4.213,5287.7598,30.57
2025-04-23,4.208,5375.8599,28.45
2025-04-24,4.197,5484.77,26.47
2025-04-25,4.193,5525.21,24.84
2025-04-28,4.193,5528.75,25.15
2025-04-29,4.19,5560.8301,24.17
2025-04-30,4.19,5569.0601,24.7
2025-05-01,4.185,5604.1401,24.6
2025-05-02,4.208,5686.6699,22.68
2025-05-05,4.208,5650.3799,23.64
2025-05-06,4.21,5606.9102,24.76
2025-05-07,4.215,5631.2798,23.55
2025-05-08,4.215,5663.9399,22.48
2025-05-09,4.215,5659.9102,21.9
2025-05-12,4.28,5844.1899,18.39
2025-05-13,4.285,5886.5498,18.22
2025-05-14,4.285,5892.5801,18.62
2025-05-15,4.258,5916.9302,17.83
2025-05-16,4.237,5958.3799,17.24
2025-05-19,4.24,5963.6001,18.14
2025-05-20,4.248,5940.46,18.09
2025-05-21,4.235,5844.6099,20.87
2025-05-22,4.232,5842.0098,20.28
2025-05-23,4.23,5802.8198,22.29
2025-05-27,4.203,5921.54,18.96
2025-05-28,4.225,5888.5498,19.31
2025-05-29,4.23,5912.1699,19.18
2025-05-30,4.232,5911.6899,18.57
2025-06-02,4.232,5935.9399,18.36
2025-06-03,4.235,5970.3701,17.69
2025-06-04,4.24,5970.8101,17.61
2025-06-05,4.232,5939.2998,18.48
2025-06-06,4.232,6000.3599,16.77
2025-06-09,4.24,6005.8799,17.16
2025-06-10,4.25,6038.8101,16.95
2025-06-11,4.25,6022.2402,17.26
2025-06-12,4.258,6045.2598,18.02
2025-06-13,4.24,5976.9702,20.82
2025-06-16,4.248,6033.1099,19.11
2025-06-17,4.218,5982.7202,21.6
2025-06-18,4.223,5980.8701,20.14
2025-06-20,4.195,5967.8398,20.62
2025-06-23,4.158,6025.1699,19.83
2025-06-24,4.182,6092.1802,17.48
2025-06-25,4.188,6092.1602,16.76
2025-06-26,4.193,6141.02,16.59
2025-06-27,4.197,6173.0698,16.32
2025-06-30,4.19,6204.9502,16.73
2025-07-01,4.225,6198.0098,16.83
2025-07-02,4.223,6227.4199,16.64
2025-07-03,4.24,6279.3501,16.38
2025-07-07,4.245,6229.98,17.79
2025-07-08,4.25,6225.52,16.81
2025-07-09,4.245,6263.2598,15.94
2025-07-10,4.24,6280.46,15.78
2025-07-11,4.237,6259.75,16.4
2025-07-14,4.228,6268.5601,17.2
2025-07-15,4.232,6243.7598,17.38
2025-07-16,4.225,6263.7002,17.16
2025-07-17,4.235,6297.3599,16.52
2025-07-18,4.23,6296.79,16.41
2025-07-21,4.223,6305.6001,16.65
2025-07-22,4.23,6309.6201,16.5
2025-07-23,4.24,6358.9102,15.37
2025-07-24,4.245,6363.3501,15.39
2025-07-25,4.245,6388.6401,14.93
2025-07-28,4.235,6389.77,15.03
2025-07-29,4.23,6370.8599,15.98
2025-07-30,4.232,6362.8999,15.48
2025-07-31,4.235,6339.3901,16.72
2025-08-01,4.182,6238.0098,20.38
